age,gender,daily_gaming_hours,game_genre,primary_game,gaming_platform,sleep_hours,sleep_quality,sleep_disruption_frequency,exercise_hours_weekly,monthly_game_spending_usd,years_gaming,gaming_addiction_risk_level
17,Male,11.1,Mobile Games,Clash of Clans,PC,3.7,Very Poor,Sometimes,3.7,383.7,3,Severe
21,Male,3.0,MOBA,Dota 2,PC,7.2,Fair,Rarely,8.5,46.64,1,Low
23,Male,7.6,FPS,CS:GO,Multi-platform,4.4,Fair,Often,7.1,100.81,6,Severe
20,Female,7.2,RPG,Skyrim,Multi-platform,5.1,Fair,Often,5.2,51.6,7,High
18,Male,6.8,Battle Royale,Apex Legends,PC,3.4,Poor,Never,6.1,32.57,1,Moderate
21,Male,2.1,Mobile Games,Clash of Clans,PC,7.5,Fair,Rarely,10.8,8.63,4,Low
21,Male,2.7,FPS,Call of Duty,Multi-platform,7.2,Very Poor,Often,10.0,35.25,3,Low
28,Female,10.3,Mobile Games,Clash of Clans,Console,5.2,Fair,Sometimes,5.6,299.28,13,Severe
18,Male,1.4,Mobile Games,Genshin Impact,PC,8.9,Poor,Always,10.1,49.4,6,Low
18,Male,7.6,MMO,Final Fantasy XIV,Multi-platform,3.5,Insomnia,Often,4.5,135.2,6,Severe
16,Male,1.5,FPS,CS:GO,Multi-platform,8.4,Good,Often,10.1,28.23,4,Low
14,Male,3.0,Strategy,StarCraft II,PC,7.2,Good,Sometimes,9.4,46.36,3,Low
28,Male,9.5,Mobile Games,Genshin Impact,Mobile,3.6,Very Poor,Never,5.1,482.71,7,High
22,Male,5.1,RPG,Skyrim,Mobile,5.3,Fair,Never,7.6,36.07,5,Low
21,Male,5.8,RPG,Elden Ring,Console,5.2,Good,Often,8.2,104.01,2,Low
25,Male,7.3,Mobile Games,Clash of Clans,Console,5.6,Poor,Often,6.9,68.25,7,High
19,Male,3.0,Mobile Games,Genshin Impact,Console,7.4,Fair,Sometimes,6.7,1.63,9,Low
22,Female,11.3,MOBA,League of Legends,Multi-platform,4.6,Poor,Sometimes,4.9,77.24,10,High
20,Male,8.4,FPS,Call of Duty,Mobile,3.2,Very Poor,Always,7.1,118.79,6,Severe
20,Male,9.4,Battle Royale,Warzone,Console,5.5,Poor,Sometimes,4.8,120.16,1,Severe
22,Male,6.5,RPG,Cyberpunk 2077,Console,4.4,Poor,Always,6.4,16.99,12,Moderate
16,Female,6.1,MOBA,League of Legends,Console,5.3,Fair,Sometimes,5.8,53.52,4,Moderate
14,Female,6.3,RPG,Skyrim,Mobile,6.5,Good,Rarely,7.5,126.54,4,Moderate
19,Female,8.9,Battle Royale,PUBG,Console,5.7,Very Poor,Never,5.7,66.37,6,High
22,Male,5.2,Mobile Games,Candy Crush,PC,7.0,Fair,Rarely,6.2,60.06,11,Low
22,Male,3.4,Mobile Games,Candy Crush,Console,8.7,Good,Always,7.8,37.26,9,Low
18,Male,5.9,Battle Royale,Apex Legends,Multi-platform,6.6,Fair,Always,8.0,55.47,7,Low
18,Male,8.2,MMO,Final Fantasy XIV,Mobile,5.4,Fair,Always,6.5,57.15,8,Moderate
21,Male,1.2,MMO,World of Warcraft,Mobile,7.1,Good,Always,8.6,34.91,6,Low
19,Female,4.7,RPG,Skyrim,Multi-platform,5.8,Fair,Rarely,5.6,126.85,8,Low
20,Male,1.0,RPG,Cyberpunk 2077,Mobile,7.3,Good,Sometimes,8.9,21.09,6,Low
17,Male,5.1,Mobile Games,Clash of Clans,Mobile,6.4,Poor,Always,8.9,36.53,5,Low
20,Male,5.9,MMO,Final Fantasy XIV,Console,6.8,Fair,Rarely,7.5,147.6,7,Low
20,Male,5.2,Battle Royale,PUBG,Console,5.6,Very Poor,Often,7.9,19.91,7,Low
18,Male,6.6,FPS,CS:GO,Console,4.1,Insomnia,Often,5.5,93.68,2,High
22,Female,4.6,Mobile Games,PUBG Mobile,PC,5.4,Poor,Never,8.4,80.92,12,Low
20,Male,2.8,MOBA,Mobile Legends,Mobile,8.3,Fair,Never,8.3,45.96,9,Low
20,Male,7.6,Strategy,StarCraft II,Mobile,4.2,Very Poor,Never,5.2,123.45,2,Moderate
16,Female,2.3,MOBA,League of Legends,Mobile,8.4,Good,Often,7.2,42.43,4,Low
20,Male,4.4,RPG,Elden Ring,Mobile,6.4,Fair,Often,9.1,26.63,2,Low
33,Male,3.1,MMO,Elder Scrolls Online,Multi-platform,8.4,Fair,Never,8.3,47.69,6,Low
16,Male,8.0,FPS,Valorant,Mobile,3.8,Poor,Sometimes,6.0,61.37,1,Severe
20,Male,4.2,Strategy,StarCraft II,Mobile,5.4,Good,Sometimes,7.1,9.18,1,Low
20,Male,7.9,Battle Royale,PUBG,Console,3.5,Poor,Never,7.0,81.23,4,High
14,Female,3.9,Mobile Games,PUBG Mobile,Mobile,5.1,Poor,Sometimes,7.8,17.43,3,Low
26,Female,6.2,Strategy,Age of Empires,Multi-platform,5.7,Fair,Never,5.5,48.84,8,Moderate
20,Male,3.4,MMO,Final Fantasy XIV,PC,7.1,Poor,Sometimes,7.8,23.33,8,Low
29,Female,6.1,FPS,Call of Duty,Mobile,6.7,Poor,Often,7.7,110.74,14,Moderate
16,Female,5.9,RPG,Skyrim,Console,5.4,Fair,Often,6.0,125.89,2,Low
15,Female,5.1,MMO,World of Warcraft,PC,6.5,Poor,Never,6.2,39.9,1,Low
24,Male,7.0,Strategy,Age of Empires,Console,4.7,Very Poor,Sometimes,8.0,132.68,1,Moderate
20,Male,3.5,RPG,Skyrim,Mobile,7.8,Good,Never,9.8,40.35,4,Low
20,Male,11.4,FPS,Call of Duty,Console,4.3,Very Poor,Never,5.0,433.8,9,High
20,Female,0.5,Mobile Games,Genshin Impact,Multi-platform,7.2,Good,Sometimes,10.0,9.04,5,Low
22,Female,5.8,FPS,CS:GO,PC,6.7,Good,Rarely,6.4,114.52,5,Low
19,Male,1.7,MOBA,Mobile Legends,Mobile,8.1,Good,Sometimes,9.3,47.53,5,Low
24,Male,6.0,Strategy,StarCraft II,Console,6.9,Good,Always,8.2,133.31,3,Moderate
25,Male,7.1,RPG,Elden Ring,Console,5.2,Poor,Sometimes,7.2,136.21,8,Moderate
23,Male,0.6,Battle Royale,Warzone,Mobile,7.2,Good,Rarely,8.8,39.51,10,Low
33,Female,7.2,Mobile Games,PUBG Mobile,Multi-platform,4.2,Fair,Rarely,7.6,96.57,8,Low
22,Female,5.6,FPS,Call of Duty,Console,5.3,Good,Never,7.7,144.26,10,Moderate
13,Male,8.9,RPG,Cyberpunk 2077,Mobile,4.2,Very Poor,Sometimes,3.6,417.13,3,Severe
16,Other,12.4,MOBA,Mobile Legends,PC,4.7,Insomnia,Often,4.3,359.05,6,High
19,Female,6.6,FPS,Valorant,Mobile,3.3,Very Poor,Often,8.0,144.41,9,High
26,Female,4.9,Strategy,StarCraft II,Mobile,5.7,Fair,Often,8.8,60.06,10,Low
18,Male,4.4,Mobile Games,Candy Crush,PC,6.6,Poor,Often,8.3,45.33,5,Low
23,Female,4.7,RPG,Skyrim,Multi-platform,5.1,Good,Sometimes,7.0,108.0,8,Low
22,Male,7.0,MMO,Elder Scrolls Online,Multi-platform,4.0,Very Poor,Sometimes,5.8,119.22,4,Moderate
20,Female,6.2,Mobile Games,Genshin Impact,Console,5.8,Very Poor,Never,6.7,42.1,8,Moderate
18,Female,15.1,MMO,World of Warcraft,PC,4.8,Fair,Often,4.2,209.75,6,High
25,Male,4.8,MMO,Elder Scrolls Online,Multi-platform,6.8,Fair,Never,5.8,132.26,11,Low
23,Male,2.6,Mobile Games,Clash of Clans,Console,8.8,Fair,Never,8.9,7.76,3,Low
17,Female,4.0,Mobile Games,Genshin Impact,Multi-platform,5.8,Fair,Sometimes,6.3,18.88,1,Low
20,Male,5.0,MMO,Final Fantasy XIV,Console,6.9,Poor,Sometimes,7.7,85.67,8,Low
19,Male,3.5,Battle Royale,PUBG,Multi-platform,8.0,Good,Often,6.7,39.95,3,Low
33,Male,5.2,Battle Royale,Apex Legends,Multi-platform,6.9,Fair,Often,9.0,73.02,8,Low
17,Male,9.4,Strategy,Civilization VI,PC,3.1,Poor,Often,4.7,364.97,1,Severe
16,Female,5.7,MOBA,League of Legends,Multi-platform,6.8,Poor,Sometimes,8.4,136.3,2,Low
19,Other,8.3,MOBA,League of Legends,PC,5.5,Poor,Always,4.0,82.29,6,Moderate
16,Female,9.0,Mobile Games,Genshin Impact,Mobile,5.8,Poor,Never,3.8,192.38,1,Severe
22,Female,7.2,Mobile Games,Genshin Impact,Multi-platform,3.6,Very Poor,Rarely,6.5,32.86,11,Moderate
17,Female,10.8,MMO,World of Warcraft,Multi-platform,5.0,Fair,Rarely,2.9,462.43,3,Severe
18,Male,9.3,RPG,Elden Ring,Multi-platform,5.5,Insomnia,Rarely,6.3,404.23,2,High
20,Male,6.4,RPG,Elden Ring,Multi-platform,6.8,Fair,Rarely,7.6,91.02,8,Moderate
26,Male,1.1,Mobile Games,PUBG Mobile,Multi-platform,7.6,Good,Sometimes,9.5,24.99,10,Low
22,Male,3.0,Battle Royale,Warzone,Mobile,8.8,Poor,Rarely,7.1,34.92,11,Low
14,Male,7.5,MMO,Final Fantasy XIV,Multi-platform,4.8,Fair,Never,7.9,123.8,3,High
17,Male,6.1,FPS,Call of Duty,PC,6.7,Fair,Often,5.6,71.69,1,Moderate
18,Female,5.9,Strategy,StarCraft II,PC,6.5,Poor,Rarely,7.4,96.37,4,Moderate
22,Female,8.1,Mobile Games,Candy Crush,Mobile,3.1,Fair,Sometimes,6.8,67.48,1,Moderate
20,Male,10.3,MMO,World of Warcraft,PC,5.8,Poor,Rarely,3.6,499.27,4,Moderate
17,Female,8.9,Strategy,Civilization VI,PC,5.9,Fair,Never,5.3,254.42,5,High
26,Female,5.9,Mobile Games,Clash of Clans,Console,6.1,Good,Always,5.2,83.67,14,Moderate
21,Female,4.9,Strategy,StarCraft II,Mobile,6.1,Fair,Always,9.1,56.37,8,Low
22,Male,1.7,RPG,Skyrim,Console,7.3,Fair,Rarely,10.8,24.1,5,Low
19,Male,7.0,Mobile Games,Candy Crush,Mobile,4.9,Poor,Often,4.6,115.12,1,High
19,Male,3.2,MOBA,Mobile Legends,Mobile,7.3,Fair,Often,9.1,15.77,1,Low
23,Male,10.4,RPG,Cyberpunk 2077,Mobile,5.6,Poor,Often,3.7,197.03,5,Severe
31,Male,5.1,MOBA,Mobile Legends,PC,6.5,Fair,Often,7.4,72.27,12,Low
27,Female,6.3,Mobile Games,Candy Crush,PC,6.3,Very Poor,Often,8.0,21.12,2,Low
21,Male,5.4,FPS,Valorant,PC,6.6,Fair,Rarely,5.7,33.12,11,Low
19,Male,6.1,RPG,Elden Ring,Console,5.5,Good,Always,8.1,110.19,3,Low
19,Female,7.1,MMO,Elder Scrolls Online,PC,5.0,Poor,Rarely,5.3,112.86,8,High
19,Female,8.0,RPG,Elden Ring,PC,3.4,Very Poor,Never,6.6,26.81,3,High
21,Female,4.8,Battle Royale,Warzone,Mobile,6.6,Fair,Often,6.1,48.19,1,Low
17,Female,9.8,Battle Royale,Warzone,PC,5.0,Very Poor,Always,6.8,114.88,7,Severe
14,Female,2.9,FPS,Valorant,Mobile,7.9,Good,Never,9.4,24.6,3,Low
19,Female,6.8,Battle Royale,PUBG,Multi-platform,3.7,Poor,Never,6.4,127.0,9,Moderate
19,Male,4.6,Battle Royale,Fortnite,Console,5.3,Fair,Sometimes,6.8,85.23,8,Low
26,Male,12.0,RPG,Cyberpunk 2077,PC,4.4,Poor,Never,5.2,326.96,15,Severe
16,Female,5.4,Battle Royale,Fortnite,PC,6.7,Good,Rarely,7.9,147.65,3,Low
31,Female,5.5,MOBA,League of Legends,PC,6.8,Fair,Rarely,6.4,126.15,20,Moderate
16,Male,3.6,Strategy,Age of Empires,Multi-platform,6.9,Fair,Often,9.9,40.4,5,Low
20,Female,9.2,Mobile Games,Genshin Impact,Multi-platform,5.8,Very Poor,Often,7.0,177.45,5,High
23,Male,3.2,Mobile Games,Genshin Impact,Console,8.4,Fair,Rarely,10.0,49.01,5,Low
22,Female,8.4,MMO,World of Warcraft,Mobile,4.2,Very Poor,Always,5.6,82.28,8,High
15,Male,13.0,Battle Royale,Apex Legends,Multi-platform,5.4,Very Poor,Sometimes,4.0,224.87,3,Severe
15,Male,5.7,RPG,Skyrim,Console,5.5,Poor,Never,7.7,61.16,1,Moderate
16,Other,0.9,MMO,World of Warcraft,Mobile,8.0,Fair,Sometimes,10.8,35.37,1,Low
19,Male,4.8,Mobile Games,Clash of Clans,Console,6.3,Poor,Sometimes,6.9,29.59,1,Low
23,Male,11.8,Battle Royale,Fortnite,PC,3.8,Very Poor,Often,5.4,391.88,1,High
17,Male,6.0,FPS,Overwatch,Mobile,6.7,Poor,Sometimes,7.6,147.47,7,Moderate
18,Male,2.6,MOBA,Mobile Legends,Multi-platform,7.3,Fair,Often,7.8,37.3,1,Low
14,Female,7.7,RPG,Skyrim,Multi-platform,5.6,Poor,Never,6.5,25.58,2,High
20,Female,10.0,MMO,Final Fantasy XIV,Console,5.5,Good,Always,3.6,358.72,5,Severe
19,Male,5.0,Mobile Games,Clash of Clans,Multi-platform,6.7,Poor,Always,8.9,143.86,9,Low
22,Male,5.6,Battle Royale,Warzone,Console,5.1,Poor,Rarely,8.3,44.63,1,Low
19,Female,4.3,MMO,World of Warcraft,Console,6.7,Very Poor,Sometimes,9.6,48.0,6,Low
35,Male,3.1,MOBA,League of Legends,Console,7.6,Good,Always,7.8,27.92,15,Low
18,Female,3.6,Mobile Games,Clash of Clans,Console,6.3,Fair,Never,6.0,13.53,3,Low
20,Female,6.9,RPG,Cyberpunk 2077,Multi-platform,4.9,Good,Often,6.9,22.1,10,Low
16,Male,5.2,Mobile Games,Clash of Clans,PC,5.7,Fair,Sometimes,9.1,20.36,4,Low
13,Male,4.0,Battle Royale,PUBG,Console,5.1,Poor,Always,6.4,27.46,1,Low
26,Male,8.3,RPG,Elden Ring,Multi-platform,5.4,Poor,Often,7.6,49.13,1,High
16,Female,3.6,Strategy,Civilization VI,Mobile,5.5,Very Poor,Always,9.8,20.78,4,Low
24,Male,7.9,MMO,Final Fantasy XIV,Console,4.6,Good,Often,5.3,30.7,11,High
19,Male,8.0,RPG,Cyberpunk 2077,Console,3.4,Poor,Often,4.1,104.41,9,Severe
19,Male,9.3,Mobile Games,Clash of Clans,Multi-platform,4.8,Very Poor,Always,4.0,113.26,2,Severe
20,Male,10.2,RPG,Elden Ring,Mobile,5.1,Poor,Never,3.0,314.14,6,Moderate
24,Male,7.2,MOBA,Dota 2,Console,4.6,Insomnia,Sometimes,7.5,83.77,5,High
15,Male,7.0,MOBA,League of Legends,PC,4.7,Fair,Never,6.3,80.95,4,Moderate
21,Male,8.2,Mobile Games,Clash of Clans,Multi-platform,3.7,Poor,Often,4.0,52.5,1,Moderate
22,Male,4.4,FPS,CS:GO,Mobile,5.2,Poor,Often,9.3,21.43,5,Low
20,Male,5.8,MOBA,League of Legends,Multi-platform,6.0,Fair,Sometimes,6.0,111.06,10,Moderate
21,Male,9.7,Battle Royale,PUBG,Mobile,4.5,Insomnia,Never,3.7,276.24,7,High
17,Other,3.2,MOBA,League of Legends,Mobile,7.2,Fair,Never,7.6,39.13,2,Low
18,Male,8.9,Strategy,Civilization VI,Console,3.5,Good,Always,4.9,342.1,2,High
30,Female,6.6,MMO,Final Fantasy XIV,PC,5.2,Very Poor,Rarely,6.5,11.24,15,Moderate
18,Male,3.9,RPG,Cyberpunk 2077,Multi-platform,6.5,Poor,Never,9.4,23.79,6,Low
19,Male,10.4,Strategy,StarCraft II,Mobile,5.1,Very Poor,Often,5.6,412.09,5,Severe
19,Male,5.3,MOBA,League of Legends,Multi-platform,6.4,Poor,Rarely,7.9,39.82,1,Low
16,Male,4.8,MOBA,League of Legends,Console,5.3,Fair,Never,7.5,69.97,2,Low
16,Female,6.4,MOBA,Mobile Legends,PC,5.4,Fair,Rarely,8.3,34.14,6,Low
17,Male,10.6,RPG,Elden Ring,Mobile,4.1,Insomnia,Often,6.2,247.77,1,Severe
17,Male,6.7,FPS,Call of Duty,Mobile,5.3,Insomnia,Often,8.1,34.13,1,Low
20,Male,6.9,Battle Royale,Fortnite,Console,4.7,Insomnia,Always,8.0,59.03,10,Moderate
16,Female,2.2,FPS,Call of Duty,Multi-platform,7.7,Fair,Sometimes,8.6,31.73,6,Low
22,Male,9.0,MOBA,Mobile Legends,Console,5.3,Poor,Sometimes,7.2,168.77,12,High
25,Other,4.7,RPG,Cyberpunk 2077,Multi-platform,7.0,Good,Never,7.4,110.14,9,Low
18,Male,10.4,MOBA,Mobile Legends,PC,4.7,Poor,Never,6.6,326.87,5,Severe
19,Male,12.2,MOBA,Dota 2,Mobile,5.9,Fair,Often,4.7,473.21,5,Severe
27,Male,4.3,Strategy,StarCraft II,PC,5.3,Very Poor,Rarely,7.9,44.35,7,Low
22,Female,6.3,MOBA,Mobile Legends,Console,5.5,Fair,Sometimes,9.0,53.06,7,Low
18,Male,7.7,Strategy,Civilization VI,Multi-platform,5.6,Poor,Sometimes,4.8,110.52,5,High
21,Female,8.4,RPG,Elden Ring,Console,5.7,Poor,Often,4.8,128.87,2,High
18,Male,7.2,Strategy,Civilization VI,PC,3.9,Poor,Often,4.6,130.82,7,Moderate
21,Male,5.1,RPG,Skyrim,Multi-platform,5.8,Fair,Never,7.3,20.68,5,Low
25,Male,5.8,MOBA,Dota 2,Mobile,5.3,Fair,Rarely,6.6,55.18,11,Moderate
21,Male,7.6,FPS,Overwatch,Mobile,5.6,Very Poor,Often,4.7,38.69,6,High
23,Male,2.6,FPS,Call of Duty,Mobile,8.3,Poor,Always,8.8,6.45,3,Low
21,Male,1.3,Battle Royale,Warzone,PC,8.4,Fair,Rarely,9.6,15.07,8,Low
24,Male,6.2,RPG,Cyberpunk 2077,Multi-platform,5.9,Fair,Often,6.5,135.88,14,Moderate
21,Male,9.1,RPG,Elden Ring,PC,3.2,Very Poor,Never,4.9,396.01,1,Severe
22,Male,10.1,MOBA,Dota 2,Multi-platform,3.4,Poor,Sometimes,4.2,358.37,3,Severe
25,Male,7.9,FPS,Valorant,Multi-platform,5.1,Fair,Sometimes,7.4,53.96,7,Moderate
19,Female,2.9,Strategy,Civilization VI,Multi-platform,8.0,Good,Always,8.8,35.81,9,Low
19,Male,4.6,Strategy,StarCraft II,PC,5.9,Fair,Rarely,8.5,10.06,1,Low
21,Male,5.7,MMO,Final Fantasy XIV,Multi-platform,5.7,Good,Always,7.3,123.33,8,Moderate
22,Female,8.2,MOBA,League of Legends,Multi-platform,4.2,Poor,Rarely,4.2,77.94,5,Moderate
19,Female,3.1,MOBA,League of Legends,Mobile,7.2,Good,Sometimes,9.1,15.06,1,Low
22,Female,7.3,Strategy,Age of Empires,Mobile,3.0,Poor,Never,7.9,31.57,12,Moderate
17,Female,10.9,MMO,Elder Scrolls Online,Mobile,3.8,Poor,Often,3.7,232.94,2,Severe
28,Male,11.0,RPG,Skyrim,Multi-platform,3.3,Very Poor,Sometimes,5.5,207.35,4,Severe
19,Male,11.0,Mobile Games,PUBG Mobile,PC,3.7,Fair,Often,6.3,484.09,8,High
24,Male,10.5,MMO,Final Fantasy XIV,Multi-platform,4.5,Very Poor,Often,3.3,240.74,10,Severe
19,Female,7.0,Strategy,Age of Empires,Multi-platform,4.1,Very Poor,Rarely,8.4,45.66,8,Moderate
16,Female,2.0,RPG,Elden Ring,Mobile,7.6,Fair,Rarely,9.9,23.53,5,Low
24,Male,11.2,MMO,Final Fantasy XIV,Mobile,4.0,Very Poor,Never,5.0,246.83,8,Severe
21,Male,4.4,FPS,Call of Duty,Multi-platform,6.6,Fair,Rarely,9.0,45.31,8,Low
17,Male,6.3,Mobile Games,PUBG Mobile,Mobile,5.0,Poor,Rarely,7.6,41.6,5,Low
18,Male,4.2,FPS,Valorant,Mobile,6.1,Poor,Never,7.2,6.99,7,Low
20,Male,3.9,MMO,Elder Scrolls Online,Console,6.3,Good,Never,7.9,36.21,2,Low
18,Female,1.5,Strategy,StarCraft II,Mobile,7.0,Good,Never,11.5,32.0,7,Low
24,Male,8.8,Strategy,Civilization VI,Mobile,4.1,Very Poor,Sometimes,4.4,67.73,11,Severe
21,Female,3.7,Battle Royale,Apex Legends,Multi-platform,5.8,Poor,Never,8.0,24.63,10,Low
19,Male,5.2,MOBA,Mobile Legends,Multi-platform,6.5,Poor,Never,8.8,89.91,2,Low
20,Male,6.6,FPS,Overwatch,Mobile,5.1,Very Poor,Often,7.4,56.6,5,High
24,Female,6.2,Strategy,StarCraft II,PC,5.9,Fair,Always,7.8,129.73,12,Low
18,Male,3.6,MOBA,Dota 2,Console,6.1,Poor,Always,7.1,8.29,1,Low
21,Female,6.0,MOBA,Mobile Legends,Mobile,6.7,Fair,Always,6.1,108.18,3,Low
27,Male,4.3,Battle Royale,Warzone,Multi-platform,5.5,Fair,Never,8.8,4.81,2,Low
16,Male,8.7,RPG,Elden Ring,Console,3.6,Poor,Sometimes,6.9,178.36,6,High
21,Male,12.0,Mobile Games,Genshin Impact,Mobile,3.8,Very Poor,Sometimes,2.8,389.7,2,Moderate
22,Male,5.4,MMO,World of Warcraft,Mobile,5.5,Good,Often,6.4,39.77,3,Low
19,Female,4.0,Strategy,StarCraft II,PC,6.9,Fair,Often,6.6,46.13,4,Low
14,Female,4.7,MOBA,Dota 2,Mobile,5.5,Poor,Sometimes,7.3,87.51,4,Low
21,Male,2.7,MMO,Elder Scrolls Online,PC,8.2,Good,Often,6.8,12.31,11,Low
20,Male,7.2,Strategy,Civilization VI,Mobile,4.3,Very Poor,Always,8.0,123.4,1,High
27,Male,3.9,Strategy,StarCraft II,Multi-platform,6.9,Poor,Always,6.1,18.05,7,Low
24,Other,12.9,Mobile Games,Clash of Clans,Console,5.5,Fair,Rarely,4.9,189.43,5,High
21,Male,5.1,MOBA,Dota 2,PC,6.7,Fair,Always,9.2,47.43,7,Low
21,Male,8.8,MMO,Elder Scrolls Online,Multi-platform,5.6,Poor,Rarely,5.9,462.75,4,Severe
19,Male,5.2,Strategy,StarCraft II,Mobile,6.3,Good,Rarely,7.9,60.25,1,Low
20,Male,6.2,Mobile Games,PUBG Mobile,Console,5.3,Fair,Never,6.7,109.33,1,Low
19,Female,4.3,MMO,Final Fantasy XIV,Mobile,5.3,Fair,Sometimes,6.3,12.63,5,Low
19,Male,9.3,Mobile Games,Genshin Impact,Multi-platform,5.2,Very Poor,Sometimes,5.9,371.68,2,High
20,Male,11.3,Strategy,StarCraft II,Mobile,5.9,Fair,Rarely,2.6,485.6,3,High
22,Male,11.0,FPS,Overwatch,Mobile,4.3,Very Poor,Rarely,3.5,96.98,9,Severe
17,Other,7.1,Mobile Games,PUBG Mobile,Mobile,5.4,Fair,Sometimes,4.8,104.49,5,Low
17,Male,4.6,RPG,Skyrim,PC,5.7,Fair,Always,7.2,17.42,2,Low
20,Male,3.2,MOBA,Dota 2,Multi-platform,7.2,Good,Often,9.4,17.98,2,Low
16,Male,5.1,MMO,Final Fantasy XIV,Multi-platform,6.6,Good,Sometimes,8.0,130.26,1,Low
17,Male,2.7,MOBA,Dota 2,Console,8.6,Good,Rarely,9.1,43.38,4,Low
20,Female,2.7,Battle Royale,Warzone,PC,7.1,Fair,Rarely,6.6,37.91,7,Low
18,Male,4.1,Strategy,StarCraft II,Multi-platform,5.8,Fair,Never,8.9,34.75,1,Low
20,Female,0.5,Strategy,Age of Empires,Mobile,8.7,Good,Never,10.4,22.38,10,Low
19,Male,7.1,MMO,Final Fantasy XIV,Console,4.3,Very Poor,Always,8.5,79.0,5,Moderate
19,Female,7.8,MOBA,League of Legends,Mobile,4.2,Fair,Sometimes,4.7,135.38,6,Low
20,Female,3.5,MOBA,Mobile Legends,Console,5.0,Poor,Never,10.0,48.25,10,Low
19,Male,8.7,Battle Royale,Fortnite,Console,3.3,Poor,Rarely,6.4,362.26,6,High
19,Male,8.2,Battle Royale,PUBG,Multi-platform,5.9,Poor,Often,5.4,18.61,6,High
19,Female,8.7,RPG,Cyberpunk 2077,PC,4.2,Fair,Always,4.8,428.62,4,High
27,Male,6.0,MOBA,Dota 2,PC,5.7,Good,Often,5.3,74.07,8,Low
18,Female,5.9,FPS,Overwatch,Mobile,5.2,Fair,Always,6.2,25.16,6,Moderate
23,Male,5.2,Mobile Games,Clash of Clans,Mobile,5.9,Fair,Sometimes,8.4,103.9,2,Low
21,Male,5.5,MMO,Final Fantasy XIV,PC,5.3,Good,Rarely,8.7,121.44,11,Moderate
17,Male,7.5,MOBA,League of Legends,Mobile,3.4,Very Poor,Rarely,7.7,145.06,4,Moderate
26,Female,8.8,MMO,Elder Scrolls Online,PC,4.9,Poor,Often,5.9,430.82,14,Severe
20,Female,5.7,RPG,Elden Ring,Mobile,5.5,Fair,Sometimes,8.7,60.72,2,Moderate
22,Female,10.9,FPS,Call of Duty,PC,5.2,Very Poor,Never,5.2,247.59,7,Severe
17,Male,2.3,FPS,Overwatch,Mobile,8.7,Good,Often,7.0,35.91,4,Low
24,Male,0.7,FPS,Valorant,Multi-platform,8.3,Good,Often,9.5,6.93,7,Low
20,Male,6.6,MMO,Elder Scrolls Online,Console,3.8,Very Poor,Often,8.1,50.22,9,High
19,Female,9.3,FPS,CS:GO,Multi-platform,3.0,Poor,Sometimes,6.1,195.86,3,High
33,Female,2.7,FPS,Overwatch,Mobile,8.7,Good,Rarely,8.3,31.35,20,Low
14,Male,1.0,MMO,World of Warcraft,Multi-platform,7.2,Fair,Often,10.1,35.39,2,Low
20,Female,8.9,Strategy,Civilization VI,Mobile,4.3,Fair,Rarely,6.9,131.33,2,Severe
20,Male,8.2,FPS,CS:GO,Console,3.2,Poor,Never,5.8,103.72,2,Moderate
18,Male,7.8,MMO,Final Fantasy XIV,Mobile,3.7,Very Poor,Sometimes,5.8,89.41,6,Severe
25,Female,3.9,Battle Royale,PUBG,Console,6.3,Poor,Always,8.2,17.57,9,Low
16,Male,4.6,Battle Royale,PUBG,Multi-platform,6.0,Very Poor,Sometimes,6.9,37.4,5,Low
20,Male,8.2,MOBA,Dota 2,PC,5.0,Poor,Often,6.6,66.44,4,High
18,Female,7.3,Mobile Games,Candy Crush,Mobile,4.7,Very Poor,Always,6.4,81.74,6,High
23,Female,2.0,MOBA,Mobile Legends,Console,8.7,Fair,Sometimes,10.6,20.74,11,Low
19,Male,5.5,RPG,Cyberpunk 2077,Mobile,6.1,Fair,Rarely,7.7,149.11,7,Moderate
23,Male,4.4,Mobile Games,PUBG Mobile,PC,6.3,Fair,Often,8.9,14.36,8,Low
20,Male,7.9,FPS,Overwatch,Console,4.7,Good,Often,5.6,89.96,6,High
27,Male,14.2,Strategy,StarCraft II,Multi-platform,3.4,Very Poor,Rarely,2.9,73.8,10,Moderate
15,Male,15.1,Strategy,Age of Empires,Multi-platform,5.7,Fair,Sometimes,0.7,435.38,2,Moderate
13,Female,5.2,Mobile Games,PUBG Mobile,Multi-platform,5.5,Fair,Always,8.9,92.86,3,Low
19,Male,10.6,MOBA,League of Legends,Console,5.5,Good,Always,2.5,435.3,1,Severe
26,Male,3.7,Mobile Games,PUBG Mobile,PC,5.0,Fair,Always,6.2,18.82,1,Low
26,Female,8.2,Mobile Games,Clash of Clans,Multi-platform,4.1,Very Poor,Often,7.0,134.24,14,Low
20,Male,10.3,MMO,Elder Scrolls Online,Mobile,3.2,Very Poor,Often,4.3,266.35,7,High
17,Male,9.3,RPG,Elden Ring,Console,4.8,Very Poor,Often,6.6,366.44,4,Severe
16,Male,11.8,Mobile Games,PUBG Mobile,PC,3.3,Very Poor,Rarely,4.8,270.57,5,Severe
13,Male,9.8,RPG,Cyberpunk 2077,Console,4.5,Poor,Sometimes,6.2,418.07,1,Severe
20,Female,7.5,Mobile Games,Candy Crush,Multi-platform,4.3,Very Poor,Rarely,7.5,83.3,7,High
32,Female,6.6,FPS,CS:GO,PC,3.7,Poor,Rarely,5.2,77.47,6,High
20,Female,2.8,FPS,Valorant,Console,8.0,Good,Never,6.5,13.4,9,Low
25,Female,12.6,Battle Royale,Warzone,PC,4.8,Very Poor,Sometimes,4.5,438.13,3,Severe
30,Male,5.0,MOBA,Mobile Legends,Multi-platform,6.9,Fair,Rarely,7.1,106.3,12,Low
27,Female,5.4,FPS,CS:GO,Multi-platform,5.3,Good,Sometimes,9.5,106.06,8,Low
17,Male,5.3,FPS,CS:GO,Mobile,6.5,Fair,Sometimes,6.1,122.21,3,Low
25,Female,9.4,RPG,Cyberpunk 2077,Mobile,4.8,Poor,Sometimes,7.4,469.94,3,Moderate
24,Male,7.8,Mobile Games,Clash of Clans,Mobile,4.8,Poor,Always,5.2,93.67,5,Low
22,Female,5.1,RPG,Skyrim,Console,6.7,Good,Rarely,5.7,24.45,1,Low
19,Female,1.9,RPG,Cyberpunk 2077,Mobile,7.4,Good,Sometimes,7.4,23.64,2,Low
15,Male,8.8,Mobile Games,Genshin Impact,PC,5.4,Fair,Always,7.0,83.42,1,Severe
16,Male,1.8,RPG,Skyrim,Mobile,8.5,Fair,Always,10.1,35.0,6,Low
26,Female,2.9,Battle Royale,PUBG,PC,9.0,Fair,Always,9.7,33.83,14,Low
28,Male,3.5,Battle Royale,PUBG,Multi-platform,6.5,Fair,Always,7.6,2.01,7,Low
16,Male,9.9,FPS,CS:GO,PC,3.7,Good,Often,4.5,257.0,4,High
17,Male,6.3,FPS,Call of Duty,Console,5.0,Fair,Rarely,7.3,33.48,3,Moderate
19,Male,8.0,MOBA,League of Legends,Mobile,5.4,Fair,Sometimes,7.1,18.98,8,Moderate
22,Male,3.8,Battle Royale,Warzone,Console,5.4,Good,Always,10.0,31.5,8,Low
20,Male,2.2,MMO,Elder Scrolls Online,Mobile,8.1,Good,Never,8.8,0.65,8,Low
17,Male,3.6,FPS,Overwatch,PC,6.1,Very Poor,Rarely,6.4,15.92,5,Low
21,Male,3.7,FPS,CS:GO,PC,6.9,Fair,Often,6.1,44.68,3,Low
21,Female,1.9,FPS,Valorant,Multi-platform,8.7,Good,Rarely,9.7,16.75,7,Low
18,Male,6.7,FPS,Call of Duty,PC,3.6,Poor,Never,7.5,148.22,5,Low
19,Male,4.1,Battle Royale,PUBG,Multi-platform,5.3,Fair,Often,8.1,36.57,3,Low
20,Male,3.9,MOBA,League of Legends,Mobile,6.7,Good,Never,7.0,42.46,2,Low
34,Male,2.8,Strategy,StarCraft II,PC,7.1,Good,Sometimes,9.9,4.35,16,Low
20,Male,8.4,MMO,World of Warcraft,Mobile,4.3,Fair,Sometimes,4.1,18.07,1,High
19,Female,5.4,MOBA,Mobile Legends,Console,6.4,Fair,Rarely,6.7,144.36,7,Low
13,Male,6.2,MMO,Elder Scrolls Online,Console,5.7,Very Poor,Always,6.6,75.94,3,Low
21,Male,8.6,MOBA,Dota 2,PC,3.2,Very Poor,Sometimes,6.5,394.83,6,Severe
20,Male,7.6,Battle Royale,Apex Legends,Mobile,5.2,Fair,Rarely,5.7,49.2,7,High
24,Female,8.6,RPG,Cyberpunk 2077,PC,3.8,Poor,Never,5.0,142.09,12,Severe
22,Female,3.8,RPG,Cyberpunk 2077,Multi-platform,5.4,Poor,Never,6.4,16.03,8,Low
17,Male,6.2,MMO,Final Fantasy XIV,PC,6.4,Good,Never,5.9,144.07,5,Moderate
18,Male,4.9,Strategy,Age of Empires,Mobile,6.3,Poor,Sometimes,7.8,65.41,6,Low
20,Female,7.0,Strategy,StarCraft II,Console,3.7,Insomnia,Rarely,6.2,99.51,8,High
19,Male,6.1,RPG,Elden Ring,Console,6.6,Fair,Sometimes,8.9,96.25,4,Moderate
22,Male,6.0,Battle Royale,Warzone,PC,7.0,Poor,Sometimes,7.0,41.72,10,Low
19,Male,7.8,MMO,World of Warcraft,Multi-platform,3.5,Poor,Often,5.5,58.16,1,High
19,Male,8.2,RPG,Cyberpunk 2077,Mobile,4.4,Insomnia,Always,5.1,54.27,6,Severe
25,Female,6.6,Mobile Games,Candy Crush,Multi-platform,5.3,Poor,Often,6.4,33.83,2,High
16,Male,1.9,Mobile Games,PUBG Mobile,Console,7.2,Fair,Always,8.2,17.48,3,Low
19,Female,4.8,MMO,World of Warcraft,PC,6.5,Very Poor,Never,7.9,111.95,5,Low
19,Male,7.1,MOBA,Dota 2,PC,3.3,Fair,Rarely,5.7,117.05,6,Moderate
19,Female,2.3,MMO,Final Fantasy XIV,Mobile,8.3,Very Poor,Rarely,9.7,13.66,9,Low
30,Male,3.5,MMO,Elder Scrolls Online,PC,5.1,Fair,Sometimes,6.2,45.36,4,Low
19,Male,6.2,Strategy,Age of Empires,Mobile,6.4,Poor,Often,8.4,36.33,3,Low
15,Female,6.8,MOBA,Dota 2,PC,5.3,Good,Sometimes,6.6,125.63,5,Low
18,Male,3.8,RPG,Elden Ring,PC,5.2,Fair,Always,9.4,3.71,8,Low
21,Male,5.3,Mobile Games,Clash of Clans,Multi-platform,6.2,Very Poor,Rarely,7.9,11.59,11,Low
23,Male,9.4,Battle Royale,Fortnite,PC,3.5,Fair,Often,6.7,230.02,4,Severe
30,Male,8.3,MOBA,Dota 2,PC,3.4,Very Poor,Sometimes,7.0,28.19,1,Moderate
13,Male,9.4,Mobile Games,Candy Crush,PC,5.3,Poor,Sometimes,5.7,209.9,1,Severe
20,Female,5.2,FPS,Valorant,Multi-platform,5.3,Good,Often,7.2,38.79,2,Low
16,Male,8.3,RPG,Elden Ring,Multi-platform,5.4,Poor,Never,6.9,15.74,4,Severe
30,Male,4.4,Strategy,Civilization VI,Multi-platform,6.3,Good,Sometimes,7.5,38.23,11,Low
20,Male,10.3,MMO,Final Fantasy XIV,Mobile,5.0,Poor,Never,4.2,420.51,7,Severe
20,Male,9.8,RPG,Elden Ring,PC,3.6,Poor,Never,3.6,362.82,7,Severe
14,Female,12.2,Battle Royale,PUBG,Console,4.0,Good,Sometimes,2.4,98.66,2,High
25,Male,0.5,Strategy,Civilization VI,Multi-platform,7.7,Fair,Always,8.0,34.47,3,Low
20,Female,5.5,FPS,Call of Duty,Multi-platform,6.3,Fair,Sometimes,7.3,88.16,1,Low
24,Male,6.8,Battle Royale,PUBG,Mobile,3.6,Insomnia,Always,4.9,99.36,6,High
27,Female,0.6,Strategy,Age of Empires,Console,7.1,Very Poor,Never,8.0,43.71,12,Low
20,Female,4.4,Mobile Games,PUBG Mobile,Mobile,6.2,Fair,Often,6.2,40.73,6,Low
15,Male,6.6,Battle Royale,Warzone,Console,5.0,Poor,Never,7.4,31.87,2,High
26,Male,0.8,Mobile Games,Genshin Impact,Multi-platform,7.9,Good,Rarely,9.9,36.55,9,Low
18,Female,6.5,Strategy,Civilization VI,PC,5.3,Very Poor,Never,7.8,143.92,4,Low
26,Male,10.4,RPG,Elden Ring,Mobile,4.2,Fair,Always,6.5,65.47,14,High
18,Male,3.2,Battle Royale,PUBG,Multi-platform,8.2,Good,Never,10.2,34.09,2,Low
23,Female,7.0,Strategy,StarCraft II,Mobile,3.3,Very Poor,Often,6.1,134.49,13,Moderate
19,Male,2.6,RPG,Skyrim,Console,8.7,Good,Often,6.6,27.14,5,Low
32,Male,7.4,RPG,Elden Ring,Multi-platform,4.7,Poor,Never,7.3,110.37,7,Moderate
24,Male,4.0,Battle Royale,Apex Legends,Multi-platform,6.7,Poor,Rarely,9.1,1.34,12,Low
33,Male,4.3,MMO,Elder Scrolls Online,Mobile,5.5,Fair,Often,6.1,2.87,5,Low
26,Male,10.7,Battle Royale,Fortnite,Multi-platform,5.6,Poor,Sometimes,4.3,129.73,5,Severe
19,Male,5.3,FPS,Call of Duty,Multi-platform,6.1,Good,Often,6.3,116.49,6,Low
27,Female,0.6,RPG,Elden Ring,Mobile,9.0,Fair,Rarely,9.1,36.67,11,Low
25,Male,5.1,FPS,Valorant,Multi-platform,6.0,Very Poor,Sometimes,9.0,76.51,10,Low
17,Male,4.2,Strategy,Civilization VI,Console,6.2,Poor,Sometimes,6.7,10.39,3,Low
17,Female,10.6,Strategy,Civilization VI,Console,3.6,Fair,Rarely,3.6,53.97,3,Moderate
23,Female,4.4,FPS,CS:GO,Multi-platform,7.0,Very Poor,Always,9.6,22.6,12,Low
20,Male,5.8,Strategy,Age of Empires,PC,6.8,Fair,Rarely,7.2,131.01,9,Moderate
30,Male,8.7,Battle Royale,Fortnite,Multi-platform,4.6,Fair,Sometimes,4.5,189.93,6,Severe
17,Male,4.7,Mobile Games,Candy Crush,PC,5.9,Fair,Often,8.8,21.16,2,Low
19,Male,2.1,FPS,Overwatch,Mobile,7.8,Good,Rarely,8.8,14.14,1,Low
20,Female,6.3,MMO,Final Fantasy XIV,Console,6.6,Good,Rarely,8.5,12.48,5,Moderate
15,Male,6.2,Battle Royale,Apex Legends,PC,6.6,Fair,Rarely,6.5,132.44,4,Low
19,Female,5.0,Battle Royale,PUBG,PC,5.4,Poor,Rarely,8.4,36.55,4,Low
19,Male,5.5,MOBA,Dota 2,Mobile,5.2,Poor,Rarely,7.4,100.99,4,Moderate
21,Male,1.7,RPG,Cyberpunk 2077,PC,7.9,Good,Often,9.3,11.94,1,Low
23,Female,4.6,MMO,World of Warcraft,Multi-platform,5.9,Good,Never,7.2,90.9,7,Low
18,Male,6.5,RPG,Cyberpunk 2077,Console,3.2,Very Poor,Rarely,7.6,90.46,3,Moderate
19,Male,6.6,MOBA,Dota 2,PC,5.8,Very Poor,Sometimes,8.3,111.93,7,Moderate
22,Male,6.6,MOBA,League of Legends,Mobile,3.9,Poor,Never,7.6,22.27,10,Moderate
26,Male,8.7,MMO,World of Warcraft,Console,3.1,Poor,Often,7.2,423.75,12,Severe
20,Male,5.8,Battle Royale,Warzone,Console,6.1,Poor,Rarely,8.2,50.13,5,Low
17,Male,9.9,Strategy,StarCraft II,Multi-platform,4.7,Poor,Never,6.4,162.18,4,High
15,Male,10.4,Strategy,Civilization VI,Multi-platform,3.1,Very Poor,Often,4.9,157.76,2,High
22,Female,3.9,FPS,CS:GO,Mobile,6.7,Poor,Sometimes,7.6,7.34,1,Low
14,Female,9.4,MOBA,Dota 2,Multi-platform,4.0,Poor,Often,6.2,497.21,2,Severe
19,Male,4.7,RPG,Skyrim,PC,6.3,Good,Never,8.1,123.43,5,Low
21,Female,8.4,Battle Royale,PUBG,Mobile,4.8,Poor,Rarely,7.5,21.6,2,Moderate
20,Female,2.1,Strategy,StarCraft II,PC,8.5,Good,Never,9.3,5.6,2,Low
18,Female,4.1,Battle Royale,PUBG,PC,6.6,Poor,Often,9.6,9.84,3,Low
21,Male,10.9,MOBA,Mobile Legends,Multi-platform,4.2,Poor,Rarely,5.2,259.23,1,Severe
21,Female,6.8,Battle Royale,Fortnite,Console,3.6,Fair,Sometimes,4.7,113.4,1,High
15,Male,2.9,Strategy,StarCraft II,Mobile,8.5,Fair,Never,9.0,34.24,5,Low
23,Male,7.4,Mobile Games,Candy Crush,Mobile,4.3,Insomnia,Often,5.9,65.5,2,Moderate
22,Male,6.4,Mobile Games,Genshin Impact,Console,6.5,Good,Often,7.2,138.19,2,Moderate
18,Male,6.4,RPG,Elden Ring,PC,6.0,Poor,Always,8.1,122.38,4,Low
19,Female,5.9,RPG,Skyrim,Mobile,6.3,Fair,Rarely,8.8,89.49,4,Low
18,Male,6.5,Strategy,StarCraft II,Mobile,4.6,Poor,Always,8.0,117.74,8,Moderate
17,Male,5.2,FPS,CS:GO,Multi-platform,6.4,Fair,Often,7.8,115.04,4,Low
17,Female,8.9,Battle Royale,Warzone,Mobile,5.2,Insomnia,Always,4.7,206.91,6,Severe
18,Male,7.1,Strategy,Age of Empires,Mobile,4.3,Poor,Often,8.1,70.71,6,Moderate
21,Female,6.1,Mobile Games,PUBG Mobile,PC,5.6,Poor,Always,8.2,143.21,6,Moderate
18,Male,4.5,MMO,World of Warcraft,PC,5.0,Fair,Always,9.5,2.07,6,Low
19,Female,6.6,Mobile Games,Clash of Clans,Console,4.0,Poor,Never,8.1,68.84,7,High
19,Female,6.8,Battle Royale,Apex Legends,Mobile,5.0,Very Poor,Rarely,5.2,20.72,3,High
18,Male,5.2,MOBA,Dota 2,Mobile,5.7,Fair,Never,7.6,67.5,5,Low
19,Female,5.2,MOBA,Dota 2,Console,5.1,Very Poor,Often,6.9,148.41,9,Low
22,Female,3.8,FPS,CS:GO,Console,6.0,Fair,Sometimes,6.7,48.79,8,Low
14,Female,5.8,Strategy,StarCraft II,PC,5.9,Poor,Often,8.5,86.15,4,Low
26,Male,7.4,MOBA,Mobile Legends,Mobile,4.1,Poor,Sometimes,8.4,61.67,16,High
19,Male,9.3,FPS,Overwatch,Multi-platform,3.0,Poor,Always,7.2,232.19,8,Moderate
19,Female,5.9,Battle Royale,PUBG,Multi-platform,6.4,Fair,Rarely,5.3,120.38,7,Moderate
26,Female,13.9,Mobile Games,Clash of Clans,Console,4.5,Poor,Often,4.9,247.18,13,Severe
19,Male,5.8,Mobile Games,Genshin Impact,Mobile,5.7,Fair,Always,6.5,96.56,5,Moderate
13,Male,6.4,MMO,World of Warcraft,Multi-platform,5.5,Good,Sometimes,5.3,65.67,2,Moderate
21,Male,12.6,Strategy,StarCraft II,Mobile,5.7,Very Poor,Rarely,4.1,242.51,10,High
23,Male,8.9,Strategy,StarCraft II,Multi-platform,3.5,Poor,Always,6.7,277.78,3,High
26,Female,8.2,Strategy,Civilization VI,Console,3.9,Poor,Often,5.2,44.07,10,Moderate
20,Male,7.7,MOBA,League of Legends,Mobile,4.7,Very Poor,Always,4.9,65.22,2,High
21,Female,1.2,MOBA,Dota 2,Mobile,7.2,Good,Never,11.2,41.12,10,Low
19,Male,4.6,Strategy,Civilization VI,Console,5.9,Fair,Always,6.3,18.38,6,Low
23,Male,6.4,MMO,World of Warcraft,PC,6.7,Poor,Sometimes,5.5,22.81,7,Low
15,Male,10.0,Battle Royale,Fortnite,PC,3.8,Very Poor,Often,5.7,226.85,5,Severe
20,Male,13.3,MMO,Final Fantasy XIV,Console,5.0,Poor,Never,3.8,434.02,4,High
18,Male,10.4,RPG,Elden Ring,Mobile,4.7,Very Poor,Often,6.0,246.69,8,Severe
31,Female,3.6,MOBA,League of Legends,Mobile,6.3,Good,Rarely,8.2,23.15,5,Low
17,Female,1.6,Battle Royale,PUBG,Console,8.3,Good,Rarely,7.1,7.58,6,Low
35,Female,3.1,Battle Royale,Warzone,Mobile,7.1,Fair,Sometimes,7.1,45.22,15,Low
22,Female,6.0,RPG,Cyberpunk 2077,Console,6.4,Poor,Rarely,6.1,109.8,8,Moderate
25,Female,10.3,Battle Royale,Apex Legends,Console,4.8,Poor,Never,3.5,348.04,7,Severe
16,Male,4.8,FPS,Call of Duty,PC,6.8,Fair,Sometimes,6.5,101.85,4,Low
19,Female,4.6,FPS,CS:GO,PC,6.5,Good,Never,8.5,83.38,5,Low
18,Female,7.3,Mobile Games,Clash of Clans,Mobile,5.8,Poor,Always,6.6,31.02,5,Moderate
17,Male,7.5,FPS,Valorant,PC,5.0,Poor,Rarely,6.9,135.83,2,Moderate
17,Male,6.2,MOBA,League of Legends,Multi-platform,5.5,Good,Never,7.6,145.5,3,Low
16,Male,8.3,MOBA,Dota 2,Console,5.5,Poor,Sometimes,6.9,14.14,1,High
31,Female,7.7,RPG,Elden Ring,Multi-platform,3.4,Poor,Rarely,6.4,38.14,1,Severe
16,Male,4.0,MMO,World of Warcraft,Multi-platform,6.4,Good,Never,6.5,37.75,5,Low
19,Male,1.3,Strategy,Age of Empires,PC,8.2,Fair,Never,9.4,18.98,5,Low
23,Male,8.6,Mobile Games,PUBG Mobile,Multi-platform,5.7,Poor,Never,7.2,96.61,9,Severe
21,Other,5.2,MMO,World of Warcraft,Mobile,6.9,Fair,Always,7.0,144.76,2,Low
16,Female,4.7,MOBA,Mobile Legends,Multi-platform,5.7,Fair,Rarely,9.3,36.45,1,Low
20,Male,7.3,MMO,Elder Scrolls Online,Multi-platform,3.1,Very Poor,Sometimes,5.5,30.38,2,Moderate
17,Female,10.2,MOBA,League of Legends,Mobile,5.3,Good,Sometimes,3.6,263.64,1,Severe
29,Male,4.2,FPS,Call of Duty,Console,6.6,Good,Often,8.6,28.17,8,Low
22,Male,2.5,MOBA,League of Legends,PC,7.4,Good,Never,10.4,40.43,12,Low
26,Female,5.1,MMO,World of Warcraft,Mobile,5.9,Very Poor,Always,6.9,33.99,8,Low
29,Male,6.0,Mobile Games,Genshin Impact,PC,6.5,Good,Never,6.0,109.61,16,Low
22,Male,5.0,Mobile Games,Genshin Impact,Console,5.8,Fair,Never,6.0,89.73,5,Low
20,Female,3.9,Mobile Games,Candy Crush,Console,5.3,Good,Rarely,7.4,49.48,7,Low
20,Male,4.5,FPS,CS:GO,PC,5.8,Fair,Often,7.2,135.01,6,Low
18,Male,3.8,Mobile Games,Clash of Clans,Mobile,5.2,Fair,Often,9.9,21.62,6,Low
17,Male,7.8,Mobile Games,PUBG Mobile,Mobile,5.7,Insomnia,Never,6.2,147.2,4,High
20,Male,5.3,FPS,Overwatch,Mobile,6.9,Fair,Never,5.6,97.04,7,Low
23,Male,4.6,MOBA,League of Legends,Multi-platform,5.4,Fair,Never,9.0,74.83,7,Low
22,Male,3.7,Battle Royale,PUBG,PC,5.3,Good,Always,7.1,13.27,2,Low
17,Female,3.9,Battle Royale,Fortnite,PC,6.0,Fair,Never,6.1,34.03,7,Low
32,Female,1.0,FPS,CS:GO,Mobile,7.4,Good,Sometimes,8.0,49.46,3,Low
18,Female,4.6,Strategy,StarCraft II,Multi-platform,6.9,Fair,Sometimes,8.2,100.04,2,Low
17,Female,5.8,Battle Royale,PUBG,PC,6.4,Fair,Always,6.4,87.25,5,Low
14,Male,11.4,FPS,Call of Duty,Multi-platform,4.8,Very Poor,Sometimes,3.2,237.13,3,High
17,Male,2.5,FPS,Overwatch,Mobile,8.4,Fair,Rarely,8.7,14.02,6,Low
25,Female,5.2,Battle Royale,Fortnite,Mobile,6.0,Fair,Always,8.1,54.39,1,Low
18,Male,8.1,Mobile Games,Genshin Impact,Multi-platform,4.2,Poor,Always,4.8,67.44,6,High
18,Female,1.6,RPG,Elden Ring,Mobile,7.0,Good,Often,9.5,9.19,8,Low
19,Female,2.1,MMO,Elder Scrolls Online,PC,8.9,Good,Always,7.6,33.11,5,Low
21,Male,9.1,Strategy,Age of Empires,Multi-platform,5.3,Very Poor,Never,3.8,493.27,11,Severe
20,Female,4.1,MOBA,Mobile Legends,PC,6.9,Poor,Always,8.5,38.82,2,Low
15,Female,9.5,MMO,Final Fantasy XIV,Multi-platform,3.8,Very Poor,Rarely,3.7,229.59,1,Severe
21,Male,5.0,Strategy,Age of Empires,PC,6.6,Good,Rarely,8.8,25.71,1,Low
15,Male,3.7,MOBA,League of Legends,PC,6.6,Very Poor,Rarely,7.1,19.24,1,Low
20,Female,6.2,Mobile Games,Clash of Clans,Console,5.3,Poor,Often,8.4,47.33,3,Moderate
26,Male,5.4,RPG,Elden Ring,Console,5.7,Poor,Rarely,9.1,118.39,12,Low
15,Male,6.8,MOBA,Dota 2,PC,4.5,Poor,Often,6.3,25.24,5,Low
20,Male,4.1,Strategy,Age of Empires,Multi-platform,5.3,Fair,Rarely,7.2,39.06,3,Low
30,Male,5.9,Mobile Games,PUBG Mobile,PC,5.3,Good,Always,6.1,32.6,8,Low
16,Male,8.5,Battle Royale,Fortnite,Mobile,3.3,Poor,Never,5.8,97.89,3,Moderate
21,Male,7.7,RPG,Elden Ring,PC,3.3,Very Poor,Often,4.4,93.4,8,High
16,Male,6.0,RPG,Elden Ring,PC,6.6,Good,Rarely,6.0,35.94,4,Low
21,Male,5.5,MMO,Final Fantasy XIV,Console,5.5,Good,Always,6.7,96.1,2,Moderate
21,Female,6.0,MMO,World of Warcraft,Mobile,5.3,Poor,Never,7.3,27.43,7,Moderate
25,Female,12.5,MOBA,Mobile Legends,Mobile,3.5,Fair,Never,3.8,120.1,1,High
14,Female,11.7,MMO,Elder Scrolls Online,Multi-platform,4.3,Poor,Sometimes,2.5,339.9,4,Severe
18,Male,5.7,Strategy,StarCraft II,Mobile,6.9,Fair,Always,7.1,30.5,4,Moderate
17,Female,6.0,MOBA,Dota 2,Multi-platform,5.2,Very Poor,Sometimes,5.5,32.23,2,Moderate
14,Male,2.9,MOBA,Mobile Legends,Mobile,8.8,Poor,Sometimes,8.9,36.59,4,Low
14,Male,9.7,Mobile Games,Candy Crush,Multi-platform,3.6,Very Poor,Rarely,5.4,302.88,3,Moderate
16,Male,1.9,RPG,Elden Ring,Console,7.5,Good,Rarely,7.0,28.1,6,Low
27,Female,0.7,MMO,Final Fantasy XIV,Mobile,8.4,Poor,Always,8.3,16.4,12,Low
14,Male,5.5,Battle Royale,Warzone,Mobile,5.4,Fair,Rarely,7.0,57.54,2,Moderate
26,Male,1.0,RPG,Cyberpunk 2077,Mobile,8.9,Good,Sometimes,8.3,1.31,8,Low
20,Male,9.3,MOBA,Dota 2,Multi-platform,5.3,Insomnia,Always,5.9,323.47,1,Severe
30,Male,11.6,MMO,Elder Scrolls Online,PC,4.5,Insomnia,Sometimes,2.6,317.18,10,Severe
21,Female,4.8,MOBA,Dota 2,Multi-platform,5.1,Poor,Sometimes,9.0,46.29,4,Low
25,Male,1.1,MMO,Elder Scrolls Online,Multi-platform,8.0,Good,Never,7.7,47.51,4,Low
19,Male,4.0,MMO,World of Warcraft,Mobile,6.7,Fair,Sometimes,7.0,8.23,7,Low
23,Male,4.0,FPS,Valorant,Mobile,5.6,Poor,Never,7.1,41.19,7,Low
17,Female,7.3,MOBA,League of Legends,PC,3.4,Very Poor,Never,5.5,95.15,7,High
22,Female,9.9,RPG,Skyrim,Mobile,3.7,Poor,Sometimes,4.6,426.59,6,Severe
24,Male,2.1,MOBA,Mobile Legends,PC,9.0,Fair,Often,7.4,48.98,9,Low
22,Male,1.8,RPG,Cyberpunk 2077,Multi-platform,7.5,Fair,Never,9.4,15.91,7,Low
22,Male,8.1,FPS,Call of Duty,Multi-platform,5.5,Fair,Never,4.8,121.33,10,Moderate
15,Male,11.2,Battle Royale,Fortnite,Console,3.9,Poor,Never,3.6,352.98,5,Severe
21,Male,11.6,MMO,Final Fantasy XIV,Mobile,5.4,Very Poor,Always,3.8,426.48,3,High
30,Male,12.4,Strategy,Civilization VI,Console,5.3,Very Poor,Rarely,4.7,238.32,3,Severe
14,Female,3.9,MMO,Final Fantasy XIV,Multi-platform,5.2,Poor,Rarely,9.3,38.56,2,Low
16,Female,5.5,Battle Royale,PUBG,Multi-platform,6.6,Poor,Never,7.3,128.87,4,Moderate
28,Male,0.9,Battle Royale,Fortnite,Multi-platform,8.4,Good,Rarely,7.9,7.57,8,Low
20,Female,5.7,Battle Royale,Fortnite,Mobile,5.5,Good,Always,5.4,75.19,8,Low
24,Male,14.1,Battle Royale,Fortnite,Multi-platform,3.9,Insomnia,Often,4.8,394.74,14,Severe
19,Female,5.8,MOBA,League of Legends,PC,6.8,Good,Never,6.9,70.73,2,Moderate
20,Male,6.0,FPS,CS:GO,Console,6.5,Very Poor,Often,6.4,95.85,10,Moderate
20,Female,3.8,Battle Royale,PUBG,Console,6.0,Fair,Sometimes,9.2,9.48,1,Low
16,Male,7.9,MMO,World of Warcraft,PC,5.1,Fair,Often,7.8,136.26,4,Moderate
27,Male,9.1,MMO,Final Fantasy XIV,PC,5.9,Very Poor,Never,6.4,224.46,5,High
22,Male,9.5,Battle Royale,Fortnite,PC,3.7,Fair,Always,5.7,207.65,4,High
20,Male,5.9,Battle Royale,PUBG,Multi-platform,6.7,Good,Always,5.4,131.7,6,Low
20,Female,7.1,Battle Royale,Fortnite,Console,4.7,Poor,Sometimes,5.5,142.02,3,High
18,Male,9.6,Battle Royale,Apex Legends,Multi-platform,3.7,Very Poor,Always,5.6,82.52,4,Moderate
23,Female,4.1,RPG,Skyrim,Mobile,5.6,Poor,Rarely,6.6,34.53,8,Low
19,Male,7.5,RPG,Skyrim,PC,3.3,Insomnia,Sometimes,8.0,70.7,5,Low
14,Male,3.5,MMO,Elder Scrolls Online,Multi-platform,7.9,Poor,Never,7.9,10.74,2,Low
27,Female,0.8,RPG,Cyberpunk 2077,Multi-platform,8.2,Good,Often,10.5,27.33,17,Low
18,Female,9.4,MMO,Elder Scrolls Online,Mobile,3.6,Very Poor,Rarely,7.1,470.19,2,High
21,Male,5.5,FPS,Valorant,Multi-platform,6.3,Fair,Sometimes,9.1,91.49,11,Low
18,Male,4.6,FPS,Overwatch,PC,6.8,Good,Always,8.5,96.69,7,Low
18,Male,3.5,FPS,Overwatch,Multi-platform,8.4,Good,Never,10.0,38.67,6,Low
19,Male,5.7,Battle Royale,Warzone,PC,6.4,Good,Always,6.6,89.3,6,Moderate
22,Male,1.0,Strategy,Age of Empires,Console,8.0,Fair,Sometimes,11.3,7.33,6,Low
19,Female,6.7,Mobile Games,PUBG Mobile,Console,3.1,Fair,Never,8.2,103.77,5,Low
14,Male,2.1,MOBA,Dota 2,Console,7.3,Fair,Sometimes,8.2,41.89,3,Low
24,Female,3.7,Strategy,Civilization VI,Mobile,6.1,Good,Often,6.1,7.4,3,Low
15,Male,11.2,Strategy,StarCraft II,Multi-platform,3.4,Very Poor,Sometimes,4.6,436.35,5,High
17,Male,6.3,Battle Royale,Warzone,Multi-platform,6.2,Poor,Often,7.1,85.83,3,Moderate
20,Male,12.2,Battle Royale,Apex Legends,Console,5.3,Very Poor,Rarely,4.1,343.9,8,High
20,Male,5.4,MMO,Final Fantasy XIV,Mobile,5.9,Very Poor,Often,6.9,114.75,9,Low
16,Male,7.8,MOBA,Mobile Legends,Mobile,3.1,Fair,Never,4.5,50.64,2,High
21,Male,3.1,Mobile Games,Clash of Clans,Console,8.7,Poor,Often,7.0,1.5,8,Low
24,Male,8.2,Strategy,StarCraft II,Multi-platform,3.6,Fair,Sometimes,4.1,29.0,2,Moderate
20,Male,6.6,MMO,Final Fantasy XIV,Console,4.9,Poor,Always,6.8,35.07,6,High
21,Female,9.1,MOBA,League of Legends,Mobile,4.7,Poor,Never,4.3,479.29,7,High
17,Male,4.6,FPS,Valorant,Multi-platform,6.2,Good,Sometimes,9.1,40.53,4,Low
19,Male,7.3,Strategy,Civilization VI,Console,3.2,Fair,Rarely,5.3,84.52,4,High
16,Male,1.7,FPS,Valorant,Multi-platform,8.2,Poor,Sometimes,7.6,12.32,4,Low
18,Male,4.3,FPS,Overwatch,Console,6.9,Fair,Sometimes,9.5,32.71,5,Low
21,Male,1.3,FPS,Overwatch,Multi-platform,8.5,Fair,Often,9.2,44.99,11,Low
25,Male,10.4,MMO,World of Warcraft,Console,4.3,Fair,Often,6.4,61.9,11,Severe
20,Female,10.1,MOBA,Dota 2,Mobile,5.7,Very Poor,Always,3.6,350.42,6,Severe
20,Female,5.8,Mobile Games,Genshin Impact,Console,6.3,Very Poor,Rarely,8.8,124.29,7,Low
18,Male,2.5,Mobile Games,Clash of Clans,Mobile,8.9,Good,Often,10.4,30.97,5,Low
18,Male,2.6,MMO,Final Fantasy XIV,Mobile,8.8,Good,Never,10.1,26.71,7,Low
19,Male,10.2,MOBA,League of Legends,PC,3.3,Very Poor,Rarely,6.9,207.43,1,High
14,Male,5.8,FPS,CS:GO,Console,6.2,Fair,Never,7.1,88.33,1,Moderate
17,Female,1.9,MMO,Final Fantasy XIV,PC,7.1,Good,Always,10.9,23.78,6,Low
18,Male,8.0,RPG,Elden Ring,PC,5.0,Poor,Never,7.7,85.28,4,High
18,Male,3.4,MMO,Elder Scrolls Online,Multi-platform,7.4,Poor,Never,9.0,30.22,4,Low
24,Male,1.2,Strategy,Age of Empires,PC,7.6,Fair,Often,8.6,32.34,10,Low
19,Male,4.3,MMO,Elder Scrolls Online,PC,6.3,Good,Rarely,9.2,43.72,4,Low
18,Male,10.7,Battle Royale,Apex Legends,Mobile,5.3,Fair,Never,4.3,115.6,1,Severe
27,Male,3.3,Battle Royale,PUBG,Console,8.9,Poor,Often,9.3,11.66,15,Low
31,Male,10.4,Strategy,Civilization VI,Console,3.2,Poor,Sometimes,7.0,339.48,7,Severe
22,Female,6.7,Mobile Games,Candy Crush,PC,4.6,Poor,Rarely,6.5,37.0,4,High
16,Male,6.3,MMO,Elder Scrolls Online,Mobile,5.1,Poor,Sometimes,7.7,33.58,4,Low
19,Male,6.2,MMO,World of Warcraft,Mobile,6.7,Fair,Often,5.9,138.86,6,Moderate
22,Male,3.2,MMO,World of Warcraft,Multi-platform,8.7,Poor,Sometimes,8.4,42.64,3,Low
24,Male,7.1,FPS,Call of Duty,Console,3.8,Good,Never,6.0,96.9,13,High
18,Male,8.4,MOBA,Dota 2,Mobile,5.2,Poor,Rarely,4.7,73.02,1,Low
21,Female,7.2,Battle Royale,Fortnite,PC,5.9,Fair,Never,6.2,99.01,9,Moderate
19,Male,9.5,Strategy,Age of Empires,Multi-platform,3.2,Poor,Always,4.6,90.31,6,Severe
19,Male,6.0,Mobile Games,PUBG Mobile,Console,5.3,Fair,Rarely,5.4,35.25,6,Low
19,Female,2.3,MOBA,Mobile Legends,Console,8.9,Good,Often,9.8,39.46,5,Low
27,Male,4.2,Strategy,Age of Empires,PC,5.9,Good,Always,8.9,18.36,5,Low
19,Female,4.6,RPG,Cyberpunk 2077,Console,6.1,Good,Always,7.3,70.56,5,Low
19,Male,4.8,Strategy,Age of Empires,Console,7.0,Poor,Often,8.1,97.99,6,Low
20,Male,11.7,Mobile Games,PUBG Mobile,Console,5.5,Very Poor,Always,5.4,360.29,3,Severe
26,Male,2.5,MOBA,Dota 2,PC,7.6,Good,Always,8.8,0.43,11,Low
33,Male,5.2,MOBA,Mobile Legends,Console,5.3,Good,Rarely,8.2,102.88,19,Low
19,Male,4.6,MOBA,Mobile Legends,Multi-platform,5.4,Fair,Rarely,5.5,37.92,7,Low
18,Male,4.0,MOBA,Mobile Legends,Multi-platform,5.8,Poor,Always,8.7,26.29,4,Low
20,Female,1.7,Mobile Games,Clash of Clans,Console,8.7,Good,Rarely,7.6,2.01,3,Low
16,Male,7.6,FPS,Valorant,Mobile,3.3,Insomnia,Always,6.9,42.16,1,Moderate
22,Male,4.5,MMO,Final Fantasy XIV,Mobile,6.9,Poor,Sometimes,7.1,92.49,8,Low
23,Other,4.6,MMO,World of Warcraft,Mobile,6.3,Fair,Often,6.8,134.52,11,Low
18,Male,2.3,Strategy,Civilization VI,Console,7.3,Good,Sometimes,9.8,35.89,2,Low
25,Female,5.3,MOBA,Mobile Legends,Mobile,6.0,Poor,Never,8.8,123.9,6,Low
20,Male,8.0,MOBA,Dota 2,Multi-platform,5.8,Poor,Rarely,4.7,42.42,3,Severe
13,Male,2.3,MOBA,League of Legends,Mobile,8.2,Fair,Always,10.6,13.49,1,Low
34,Male,3.9,MOBA,Dota 2,PC,5.1,Fair,Sometimes,6.5,23.55,17,Low
28,Female,7.8,Battle Royale,Warzone,Mobile,4.7,Fair,Rarely,4.0,88.65,14,Severe
17,Male,8.4,MMO,World of Warcraft,Console,3.4,Poor,Always,7.9,76.72,1,High
20,Male,5.3,Strategy,Civilization VI,Multi-platform,5.5,Very Poor,Sometimes,8.5,140.81,5,Low
23,Male,3.5,Battle Royale,Warzone,Multi-platform,6.9,Very Poor,Often,9.4,11.59,2,Low
23,Male,4.3,RPG,Elden Ring,PC,5.5,Poor,Often,6.4,6.68,6,Low
21,Male,6.5,RPG,Skyrim,Mobile,5.7,Poor,Sometimes,6.2,132.29,4,High
19,Female,1.3,RPG,Skyrim,Console,9.0,Good,Never,11.3,25.35,5,Low
17,Female,7.1,Battle Royale,Warzone,PC,5.2,Very Poor,Sometimes,4.5,86.64,5,Moderate
21,Female,2.7,Mobile Games,Clash of Clans,Console,8.2,Good,Always,10.0,34.35,3,Low
21,Male,5.9,Strategy,StarCraft II,Console,5.1,Poor,Sometimes,5.7,57.6,8,Low
18,Female,6.4,Battle Royale,Fortnite,Mobile,6.2,Very Poor,Often,5.9,34.21,4,Moderate
17,Female,8.3,FPS,Call of Duty,Console,3.7,Poor,Often,4.0,40.05,5,Severe
18,Male,9.5,RPG,Cyberpunk 2077,Console,4.6,Poor,Always,7.0,327.63,3,Moderate
17,Female,7.8,RPG,Skyrim,Mobile,5.7,Poor,Never,5.5,80.16,4,High
21,Male,8.3,MMO,Elder Scrolls Online,PC,3.8,Fair,Often,7.9,76.85,7,Severe
16,Male,1.0,RPG,Skyrim,Multi-platform,7.4,Good,Often,7.6,4.9,6,Low
19,Female,8.4,RPG,Skyrim,PC,3.8,Poor,Sometimes,5.4,94.45,9,Moderate
16,Male,6.9,MMO,Elder Scrolls Online,Multi-platform,4.7,Poor,Always,8.2,11.92,2,Low
24,Female,8.4,Battle Royale,Fortnite,Console,5.2,Very Poor,Rarely,5.5,144.35,14,High
22,Male,1.7,MMO,Elder Scrolls Online,Mobile,7.1,Good,Sometimes,7.6,42.67,11,Low
18,Female,6.3,MMO,World of Warcraft,PC,5.2,Fair,Rarely,6.5,29.37,3,Moderate
20,Male,5.8,RPG,Elden Ring,Multi-platform,5.4,Good,Never,5.1,125.21,4,Low
17,Female,1.5,MMO,Elder Scrolls Online,PC,9.0,Good,Always,8.0,4.91,2,Low
21,Male,8.6,Strategy,StarCraft II,PC,5.0,Fair,Sometimes,6.0,314.32,1,Severe
21,Female,6.5,MMO,World of Warcraft,Multi-platform,6.9,Fair,Never,5.9,119.21,2,Moderate
27,Female,3.9,MOBA,Mobile Legends,Multi-platform,5.6,Fair,Rarely,8.8,37.27,15,Low
22,Male,6.0,Mobile Games,Candy Crush,PC,7.0,Fair,Never,8.3,114.69,3,Moderate
16,Female,9.3,Strategy,Civilization VI,Multi-platform,4.7,Poor,Often,6.9,69.4,6,Severe
19,Male,7.5,RPG,Cyberpunk 2077,Console,3.2,Poor,Sometimes,6.9,128.77,4,Severe
21,Female,5.8,Battle Royale,Fortnite,Mobile,5.3,Fair,Often,6.9,88.08,7,Low
20,Male,1.1,RPG,Elden Ring,PC,8.4,Poor,Rarely,9.4,44.51,7,Low
16,Male,4.2,Strategy,Civilization VI,Console,5.8,Good,Always,6.6,34.04,2,Low
14,Female,7.4,Strategy,Civilization VI,Mobile,3.4,Very Poor,Always,7.1,87.18,3,Moderate
21,Male,4.8,Mobile Games,Candy Crush,PC,6.9,Fair,Often,6.4,29.12,10,Low
19,Male,7.4,MOBA,League of Legends,Mobile,5.8,Very Poor,Never,7.1,130.69,6,Moderate
22,Female,11.4,Battle Royale,Warzone,Multi-platform,4.3,Poor,Never,4.5,90.88,11,Severe
15,Male,13.2,RPG,Cyberpunk 2077,Multi-platform,4.2,Insomnia,Rarely,5.5,475.36,2,High
16,Male,4.6,MMO,World of Warcraft,Console,6.5,Fair,Always,6.5,70.11,5,Low
17,Male,8.7,Battle Royale,PUBG,Console,4.7,Poor,Often,6.6,119.98,3,Moderate
26,Female,4.8,Battle Royale,Apex Legends,Multi-platform,6.7,Good,Sometimes,8.1,75.94,13,Low
20,Male,6.4,FPS,Call of Duty,Console,5.4,Poor,Never,5.9,80.75,6,Low
20,Male,5.4,MMO,Final Fantasy XIV,Mobile,6.0,Poor,Always,6.7,98.4,4,Low
19,Male,2.6,Battle Royale,PUBG,Mobile,8.6,Fair,Always,8.2,19.48,7,Low
17,Male,1.3,MOBA,Mobile Legends,PC,8.4,Good,Rarely,11.1,1.18,5,Low
18,Female,3.7,FPS,Overwatch,Multi-platform,5.0,Poor,Often,9.4,46.28,6,Low
18,Female,4.7,Battle Royale,Warzone,Mobile,6.0,Good,Always,6.6,127.9,4,Low
24,Male,8.4,MMO,Final Fantasy XIV,Multi-platform,4.2,Insomnia,Often,5.5,111.33,7,Moderate
30,Male,7.2,MOBA,Mobile Legends,Mobile,4.0,Poor,Sometimes,6.3,74.44,12,High
21,Male,6.4,Mobile Games,PUBG Mobile,Multi-platform,5.6,Good,Never,7.6,112.63,4,Moderate
15,Male,2.6,Mobile Games,Genshin Impact,Multi-platform,7.8,Good,Always,6.6,32.91,3,Low
27,Male,3.4,FPS,Overwatch,Multi-platform,8.4,Good,Never,8.5,29.73,12,Low
15,Female,7.0,Mobile Games,Clash of Clans,Multi-platform,4.7,Poor,Often,5.9,54.93,5,Low
27,Female,1.6,FPS,Call of Duty,Multi-platform,7.5,Fair,Never,9.0,24.49,11,Low
19,Male,7.7,MOBA,Dota 2,Multi-platform,3.5,Very Poor,Sometimes,7.8,33.95,6,Moderate
20,Male,4.8,MOBA,Dota 2,Mobile,5.5,Poor,Always,8.8,94.88,2,Low
35,Male,6.9,Strategy,StarCraft II,Mobile,5.2,Very Poor,Often,7.8,105.61,7,High
22,Female,4.8,Strategy,Age of Empires,Multi-platform,6.0,Fair,Rarely,7.5,19.11,12,Low
16,Male,4.5,MMO,Final Fantasy XIV,PC,5.6,Poor,Sometimes,7.0,77.9,2,Low
21,Female,3.6,FPS,Overwatch,Mobile,5.4,Good,Often,6.1,40.97,11,Low
27,Female,12.0,Battle Royale,Apex Legends,Console,5.2,Very Poor,Always,4.9,348.26,16,Severe
16,Female,5.4,FPS,CS:GO,Console,5.8,Poor,Always,8.3,34.87,4,Low
23,Male,7.0,Mobile Games,Clash of Clans,PC,3.8,Poor,Never,4.8,128.77,5,High
25,Male,6.2,Strategy,Age of Empires,Console,5.9,Fair,Often,8.0,30.42,4,Moderate
24,Male,5.7,MMO,Elder Scrolls Online,Mobile,5.7,Poor,Sometimes,6.5,76.37,5,Moderate
16,Female,6.2,MOBA,Mobile Legends,Multi-platform,5.8,Poor,Sometimes,5.4,57.17,2,Moderate
19,Male,9.6,RPG,Elden Ring,Console,3.6,Poor,Sometimes,7.0,451.73,8,High
19,Male,11.1,MMO,Elder Scrolls Online,Multi-platform,5.9,Fair,Rarely,3.8,80.87,8,High
24,Male,7.8,Mobile Games,Clash of Clans,Console,5.9,Insomnia,Often,7.0,143.11,10,High
20,Male,6.0,Battle Royale,PUBG,Console,5.5,Good,Often,6.0,33.26,4,Moderate
14,Female,3.1,MOBA,Dota 2,Mobile,7.0,Good,Often,8.4,37.55,1,Low
25,Female,7.2,Strategy,Civilization VI,Console,4.4,Fair,Always,7.3,135.46,5,High
22,Male,6.9,Mobile Games,Genshin Impact,Mobile,6.0,Fair,Rarely,7.7,140.64,11,Moderate
22,Male,2.5,FPS,Valorant,Mobile,8.1,Fair,Always,8.7,28.41,3,Low
28,Female,5.9,RPG,Skyrim,Mobile,6.6,Good,Rarely,5.6,97.31,5,Moderate
26,Male,5.9,RPG,Skyrim,PC,6.3,Fair,Never,7.3,112.85,9,Low
19,Male,4.8,Strategy,Age of Empires,Multi-platform,5.9,Poor,Often,5.5,115.72,7,Low
17,Female,4.6,MOBA,Dota 2,Multi-platform,6.0,Fair,Rarely,8.1,20.94,6,Low
16,Female,5.2,Strategy,StarCraft II,PC,6.3,Fair,Often,8.9,10.52,5,Low
30,Female,5.2,MMO,Final Fantasy XIV,PC,6.5,Good,Often,8.5,126.54,18,Low
22,Male,5.6,MMO,World of Warcraft,Mobile,6.3,Poor,Rarely,5.9,130.0,4,Moderate
16,Female,5.0,MMO,World of Warcraft,Console,5.9,Poor,Never,5.5,145.08,4,Low
21,Male,7.0,MOBA,League of Legends,Mobile,4.8,Very Poor,Often,8.2,142.25,3,Moderate
19,Male,1.7,RPG,Cyberpunk 2077,Console,8.7,Good,Often,10.4,36.8,2,Low
22,Female,6.4,Battle Royale,Warzone,Multi-platform,5.4,Poor,Rarely,6.1,145.93,1,Moderate
20,Female,3.3,Mobile Games,PUBG Mobile,Mobile,8.3,Good,Sometimes,9.1,13.68,6,Low
16,Female,9.3,Strategy,StarCraft II,Multi-platform,3.1,Fair,Always,3.7,90.17,4,Severe
20,Female,6.3,MMO,Final Fantasy XIV,Mobile,6.2,Poor,Rarely,8.5,80.72,6,Low
24,Male,13.4,MMO,Final Fantasy XIV,PC,3.9,Very Poor,Never,5.2,64.52,14,High
18,Male,6.6,Battle Royale,Apex Legends,Mobile,5.4,Insomnia,Often,5.6,80.91,4,Low
20,Female,5.3,MMO,World of Warcraft,Console,6.8,Fair,Never,9.0,128.13,8,Low
16,Male,7.4,RPG,Elden Ring,Console,5.2,Fair,Sometimes,5.8,67.44,4,High
22,Female,1.8,Strategy,Age of Empires,Multi-platform,8.0,Good,Rarely,8.9,40.78,6,Low
20,Male,4.4,RPG,Elden Ring,Multi-platform,6.3,Fair,Rarely,7.6,38.47,9,Low
16,Male,4.5,FPS,Valorant,Console,5.1,Poor,Never,7.0,104.97,6,Low
33,Female,3.7,Battle Royale,Fortnite,Console,6.5,Poor,Never,9.3,23.14,14,Low
18,Female,1.5,RPG,Elden Ring,PC,7.1,Fair,Rarely,8.1,0.1,7,Low
19,Male,6.7,Battle Royale,Apex Legends,Mobile,3.8,Very Poor,Sometimes,6.6,117.79,8,High
15,Male,6.5,MMO,World of Warcraft,Mobile,4.7,Very Poor,Always,5.0,109.59,1,Moderate
31,Male,1.4,RPG,Skyrim,Console,8.8,Good,Always,10.5,24.22,3,Low
14,Male,8.3,Mobile Games,Genshin Impact,Multi-platform,6.0,Very Poor,Always,5.5,37.2,4,Moderate
24,Male,9.3,Strategy,Age of Empires,Multi-platform,4.0,Fair,Never,6.6,170.31,12,Severe
19,Male,4.0,RPG,Skyrim,Console,6.9,Poor,Always,9.1,29.01,9,Low
15,Male,8.0,MMO,World of Warcraft,Multi-platform,5.4,Very Poor,Often,6.3,80.45,4,High
26,Male,6.0,Strategy,Civilization VI,PC,6.0,Poor,Always,6.2,24.29,14,Moderate
33,Male,4.2,MMO,World of Warcraft,PC,5.9,Fair,Sometimes,6.2,17.42,18,Low
14,Male,4.0,Mobile Games,Genshin Impact,Mobile,6.8,Poor,Sometimes,7.8,15.49,3,Low
16,Female,6.5,Mobile Games,PUBG Mobile,PC,5.6,Insomnia,Always,7.1,83.36,2,Moderate
18,Female,8.0,RPG,Cyberpunk 2077,Mobile,3.2,Poor,Often,5.9,41.3,7,High
18,Male,3.5,Strategy,Civilization VI,Mobile,8.8,Fair,Sometimes,7.5,24.33,5,Low
15,Female,6.4,Mobile Games,Clash of Clans,PC,5.7,Poor,Often,5.1,84.7,2,Low
19,Male,8.2,FPS,Valorant,Mobile,4.0,Poor,Sometimes,5.2,41.81,1,Moderate
15,Male,0.7,MOBA,Dota 2,PC,7.5,Good,Often,10.6,15.58,2,Low
17,Female,3.7,RPG,Skyrim,PC,5.6,Very Poor,Often,9.7,23.73,1,Low
20,Female,2.0,MOBA,Dota 2,Mobile,7.9,Good,Always,10.4,10.61,10,Low
23,Female,9.7,FPS,Call of Duty,Multi-platform,5.7,Very Poor,Always,3.2,118.63,11,High
15,Female,4.3,Mobile Games,Clash of Clans,Multi-platform,5.0,Poor,Never,7.6,8.15,2,Low
22,Male,3.5,FPS,CS:GO,Console,8.9,Good,Always,8.1,44.2,3,Low
19,Female,12.3,FPS,Valorant,PC,3.5,Fair,Sometimes,4.4,413.29,9,Severe
16,Male,3.8,FPS,CS:GO,Mobile,5.0,Poor,Rarely,9.2,34.33,4,Low
16,Male,10.9,RPG,Cyberpunk 2077,Console,5.3,Poor,Never,5.9,52.19,2,Severe
26,Male,4.8,FPS,Valorant,Multi-platform,6.3,Good,Rarely,9.2,107.55,3,Low
23,Male,3.8,RPG,Skyrim,PC,5.5,Poor,Rarely,7.5,32.76,10,Low
19,Male,12.5,FPS,CS:GO,Multi-platform,5.7,Insomnia,Rarely,2.4,376.05,6,Moderate
22,Other,4.4,Battle Royale,Warzone,Console,6.6,Poor,Often,6.4,17.3,4,Low
16,Male,11.4,Strategy,Age of Empires,Console,3.3,Poor,Often,3.9,233.11,4,High
27,Male,8.9,RPG,Elden Ring,Mobile,4.4,Poor,Never,5.8,258.94,1,Moderate
24,Male,2.3,Battle Royale,Apex Legends,Console,8.5,Fair,Never,9.5,6.27,2,Low
16,Other,4.7,MMO,World of Warcraft,Console,6.2,Fair,Never,9.2,24.44,1,Low
15,Female,5.0,Strategy,Civilization VI,PC,6.4,Good,Always,5.8,10.19,2,Low
17,Male,3.0,FPS,CS:GO,Mobile,8.4,Poor,Sometimes,9.1,30.68,1,Low
17,Male,7.1,RPG,Cyberpunk 2077,Console,5.0,Poor,Never,6.4,49.26,4,Low
19,Female,8.5,MOBA,Dota 2,Mobile,3.3,Poor,Sometimes,4.7,354.28,6,Severe
25,Female,4.8,MOBA,Mobile Legends,Mobile,6.0,Fair,Rarely,9.2,35.97,13,Low
27,Male,1.7,RPG,Cyberpunk 2077,Console,7.7,Fair,Rarely,7.0,15.3,14,Low
20,Male,8.3,MOBA,Mobile Legends,Multi-platform,5.9,Very Poor,Often,4.0,69.71,2,Low
17,Male,12.1,Mobile Games,Genshin Impact,PC,5.6,Insomnia,Rarely,3.0,380.39,4,Severe
17,Female,5.8,Battle Royale,Warzone,Multi-platform,6.8,Very Poor,Always,5.2,123.39,3,Moderate
17,Female,8.5,Mobile Games,PUBG Mobile,Multi-platform,3.9,Poor,Always,3.6,200.6,4,Severe
19,Male,3.9,Battle Royale,Warzone,Mobile,5.3,Very Poor,Never,7.9,27.46,5,Low
24,Female,3.7,MOBA,Mobile Legends,Mobile,5.5,Fair,Always,7.7,30.53,7,Low
21,Male,10.4,MOBA,Dota 2,Multi-platform,5.7,Very Poor,Never,3.9,380.83,4,Severe
28,Female,6.4,RPG,Cyberpunk 2077,Mobile,6.5,Very Poor,Sometimes,8.2,86.39,3,Moderate
19,Male,10.0,RPG,Elden Ring,Multi-platform,5.4,Good,Rarely,5.8,270.84,6,High
20,Male,11.1,FPS,Valorant,Mobile,5.6,Fair,Rarely,5.8,396.0,4,Severe
19,Male,6.7,Mobile Games,Candy Crush,Console,4.9,Fair,Often,6.4,56.05,5,Moderate
24,Male,5.9,FPS,CS:GO,PC,6.8,Good,Rarely,6.6,37.44,14,Low
30,Male,3.0,RPG,Cyberpunk 2077,Multi-platform,8.3,Good,Always,7.4,13.32,11,Low
17,Male,6.6,MOBA,Dota 2,Console,4.8,Fair,Never,6.8,17.0,3,High
21,Male,11.7,FPS,Overwatch,Mobile,6.0,Very Poor,Never,5.1,303.54,1,High
23,Female,13.0,RPG,Elden Ring,Console,5.2,Insomnia,Sometimes,5.1,239.25,6,Severe
14,Male,4.3,Mobile Games,Candy Crush,Mobile,5.6,Fair,Rarely,6.6,27.9,3,Low
21,Male,4.8,MOBA,Dota 2,Multi-platform,7.0,Poor,Often,6.0,110.49,10,Low
23,Male,3.9,Strategy,Civilization VI,Multi-platform,6.7,Poor,Always,7.2,29.56,5,Low
17,Female,5.1,Mobile Games,Clash of Clans,PC,7.0,Good,Often,5.8,97.92,6,Low
19,Male,7.8,MOBA,Mobile Legends,Mobile,4.1,Very Poor,Sometimes,7.2,106.73,2,Severe
18,Female,2.1,Battle Royale,Fortnite,Multi-platform,8.6,Good,Sometimes,9.3,49.39,5,Low
17,Female,6.2,Mobile Games,Genshin Impact,Mobile,5.7,Fair,Sometimes,5.2,37.0,6,Moderate
17,Male,6.3,MOBA,Mobile Legends,Console,6.6,Fair,Often,6.9,147.26,2,Moderate
21,Male,8.4,FPS,Valorant,Multi-platform,5.1,Poor,Never,5.8,73.12,8,Severe
22,Male,10.3,Strategy,Age of Empires,PC,5.8,Poor,Sometimes,4.1,446.66,11,Severe
17,Female,3.2,Battle Royale,Fortnite,PC,7.2,Good,Never,7.9,12.37,3,Low
28,Female,8.6,MOBA,League of Legends,Multi-platform,4.2,Fair,Rarely,5.3,309.02,9,Severe
19,Female,4.3,Battle Royale,Fortnite,Console,5.5,Fair,Often,8.2,18.74,4,Low
23,Male,5.4,Battle Royale,Warzone,Multi-platform,6.7,Good,Often,7.2,101.27,10,Low
17,Female,4.4,FPS,Overwatch,Mobile,6.1,Fair,Never,9.5,35.72,5,Low
18,Male,11.4,Battle Royale,Fortnite,Mobile,4.6,Very Poor,Sometimes,5.1,151.46,5,High
17,Male,8.6,RPG,Skyrim,Multi-platform,4.9,Poor,Never,5.6,123.19,7,Severe
15,Female,7.0,Strategy,Civilization VI,PC,4.0,Poor,Rarely,8.4,65.22,5,Moderate
29,Male,5.8,MMO,World of Warcraft,Console,6.6,Good,Rarely,7.7,27.31,4,Moderate
17,Male,6.2,Strategy,Civilization VI,PC,5.4,Poor,Rarely,7.0,115.5,7,Low
17,Male,6.3,MMO,Elder Scrolls Online,PC,6.2,Very Poor,Often,7.9,35.84,7,Low
22,Male,13.5,FPS,Overwatch,Mobile,4.3,Very Poor,Never,2.0,52.68,8,High
26,Male,7.4,Mobile Games,Genshin Impact,PC,3.0,Fair,Often,7.7,75.3,2,High
20,Male,1.2,MOBA,Dota 2,Multi-platform,8.2,Fair,Rarely,9.7,39.28,1,Low
18,Male,2.3,Strategy,Age of Empires,Mobile,7.4,Fair,Often,10.2,35.69,6,Low
22,Female,4.6,MOBA,League of Legends,Console,6.0,Fair,Never,7.5,46.89,11,Low
29,Male,0.7,MOBA,Mobile Legends,Multi-platform,7.3,Fair,Sometimes,8.5,46.38,15,Low
18,Male,0.6,Mobile Games,Candy Crush,Console,8.1,Fair,Often,10.8,36.92,8,Low
19,Male,4.8,Mobile Games,Genshin Impact,PC,6.8,Poor,Often,8.4,47.78,4,Low
23,Male,5.5,MMO,World of Warcraft,Console,6.3,Poor,Never,6.6,51.25,8,Low
18,Male,6.3,RPG,Skyrim,Multi-platform,5.6,Good,Never,5.8,10.47,5,Moderate
21,Male,11.9,Strategy,StarCraft II,Console,4.2,Poor,Always,4.1,374.32,10,Severe
21,Male,4.1,RPG,Elden Ring,PC,5.2,Fair,Always,8.7,45.63,2,Low
19,Female,0.8,FPS,Call of Duty,PC,7.4,Fair,Sometimes,8.8,35.12,3,Low
17,Female,3.7,Strategy,StarCraft II,PC,5.5,Fair,Rarely,6.3,22.33,7,Low
23,Male,11.0,MOBA,League of Legends,Multi-platform,3.4,Very Poor,Always,4.5,144.47,8,Severe
27,Male,1.5,FPS,Valorant,Mobile,9.0,Good,Sometimes,10.4,10.08,12,Low
17,Male,6.6,Mobile Games,Clash of Clans,PC,3.7,Poor,Always,5.5,29.91,7,High
16,Female,5.9,RPG,Skyrim,Console,6.6,Fair,Always,5.9,19.38,2,Moderate
33,Female,5.5,MOBA,League of Legends,PC,6.1,Good,Never,8.1,82.37,6,Moderate
16,Male,11.4,MOBA,League of Legends,Console,3.0,Poor,Always,5.6,73.87,2,Severe
18,Female,2.7,MMO,Elder Scrolls Online,Multi-platform,8.6,Good,Often,6.9,42.45,3,Low
22,Male,5.5,FPS,Valorant,Console,6.0,Insomnia,Often,8.8,91.34,10,Low
15,Male,7.3,MOBA,Mobile Legends,Mobile,4.5,Very Poor,Never,4.9,115.77,1,High
24,Male,7.7,MMO,World of Warcraft,Mobile,3.2,Poor,Often,5.7,30.64,7,High
19,Female,8.3,Battle Royale,Apex Legends,Console,5.5,Poor,Always,4.4,10.32,4,Severe
19,Male,9.5,MMO,Elder Scrolls Online,Multi-platform,4.6,Very Poor,Often,3.7,336.84,7,High
20,Female,10.0,Battle Royale,PUBG,Multi-platform,5.3,Very Poor,Never,6.9,386.2,4,High
27,Male,2.8,Battle Royale,Fortnite,Console,7.3,Good,Often,9.3,16.42,14,Low
21,Male,8.6,MOBA,League of Legends,Multi-platform,4.0,Fair,Sometimes,6.9,471.04,2,Severe
16,Female,4.9,Strategy,StarCraft II,PC,5.1,Poor,Always,9.2,89.56,2,Low
17,Male,3.4,RPG,Skyrim,PC,8.8,Good,Sometimes,8.5,13.73,5,Low
19,Male,2.2,FPS,Valorant,Console,8.9,Good,Always,9.0,38.09,3,Low
20,Female,4.2,RPG,Elden Ring,Console,6.1,Fair,Often,7.8,22.92,1,Low
18,Male,5.0,Strategy,Age of Empires,PC,6.4,Fair,Often,5.7,130.46,5,Low
21,Other,7.9,Strategy,StarCraft II,PC,5.1,Poor,Rarely,5.8,70.68,9,Moderate
21,Female,10.7,Mobile Games,PUBG Mobile,Console,3.7,Very Poor,Often,5.7,394.92,2,High
25,Male,8.6,Battle Royale,Fortnite,PC,5.1,Poor,Often,6.6,141.47,5,High
28,Female,8.8,MOBA,League of Legends,Console,4.8,Poor,Rarely,7.4,442.42,5,High
23,Male,3.4,Battle Royale,Fortnite,Mobile,7.5,Good,Sometimes,8.9,36.34,9,Low
21,Female,6.3,FPS,Valorant,PC,6.1,Good,Never,5.1,120.62,11,Moderate
18,Male,2.1,FPS,Valorant,PC,7.4,Good,Never,10.6,39.9,3,Low
17,Male,4.6,RPG,Cyberpunk 2077,Multi-platform,5.1,Fair,Never,6.1,15.54,3,Low
25,Female,9.8,Mobile Games,Clash of Clans,Console,5.2,Fair,Always,3.2,63.25,10,Severe
20,Male,3.0,Battle Royale,Fortnite,Mobile,8.1,Good,Never,9.7,34.88,1,Low
14,Female,2.9,Mobile Games,Candy Crush,Mobile,8.7,Good,Always,9.2,0.78,4,Low
15,Male,5.8,MMO,Elder Scrolls Online,Multi-platform,6.6,Fair,Often,7.6,10.87,5,Low
22,Male,5.7,RPG,Elden Ring,PC,6.8,Fair,Always,6.1,44.8,9,Low
19,Male,7.0,Strategy,Civilization VI,Console,3.8,Fair,Always,7.0,61.59,8,High
15,Female,7.9,RPG,Skyrim,Multi-platform,4.3,Good,Often,7.3,80.06,4,Low
20,Male,7.0,Strategy,Civilization VI,PC,3.6,Very Poor,Never,7.6,23.82,3,Moderate
34,Male,1.4,Mobile Games,PUBG Mobile,Multi-platform,8.3,Good,Often,10.4,48.31,16,Low
18,Female,8.7,MMO,Final Fantasy XIV,Console,6.0,Very Poor,Often,6.6,486.6,1,Severe
16,Female,6.0,Battle Royale,Fortnite,Console,6.0,Fair,Always,6.0,134.04,5,Moderate
17,Female,4.7,Strategy,Civilization VI,PC,5.0,Good,Never,7.9,22.32,7,Low
20,Female,3.9,Strategy,StarCraft II,PC,6.0,Good,Often,8.9,28.45,6,Low
18,Male,7.1,Battle Royale,Apex Legends,Multi-platform,4.4,Very Poor,Always,6.3,94.86,2,High
20,Male,2.9,MMO,Elder Scrolls Online,Mobile,7.7,Good,Sometimes,8.7,41.86,8,Low
22,Female,6.7,RPG,Cyberpunk 2077,Multi-platform,4.0,Poor,Sometimes,4.6,59.16,11,Moderate
27,Male,7.6,MMO,World of Warcraft,Mobile,3.3,Poor,Often,4.6,114.21,15,Moderate
17,Male,6.6,MMO,World of Warcraft,Mobile,5.8,Very Poor,Never,5.3,59.22,4,Moderate
19,Male,5.3,RPG,Cyberpunk 2077,PC,5.5,Poor,Never,5.6,112.89,6,Low
17,Other,5.6,RPG,Skyrim,Multi-platform,6.3,Very Poor,Often,7.3,148.83,5,Moderate
15,Male,3.4,MOBA,Mobile Legends,Console,8.4,Good,Sometimes,7.2,28.03,4,Low
15,Male,8.2,Strategy,StarCraft II,Mobile,5.3,Poor,Always,5.8,88.12,1,Low
22,Male,10.5,FPS,Overwatch,Console,4.8,Very Poor,Always,4.9,443.88,11,Severe
22,Male,7.4,RPG,Cyberpunk 2077,PC,3.2,Very Poor,Always,8.2,20.41,6,Moderate
27,Male,4.7,Battle Royale,PUBG,Mobile,5.9,Poor,Never,5.9,121.89,6,Low
16,Male,5.0,Mobile Games,PUBG Mobile,PC,6.1,Fair,Sometimes,8.8,90.52,2,Low
22,Male,4.9,Strategy,StarCraft II,Mobile,5.3,Poor,Often,8.9,40.15,6,Low
14,Male,8.7,RPG,Cyberpunk 2077,PC,5.1,Poor,Always,7.2,259.52,3,Severe
19,Male,1.7,RPG,Cyberpunk 2077,Multi-platform,7.4,Poor,Sometimes,9.3,16.37,5,Low
18,Male,6.8,Mobile Games,Genshin Impact,PC,5.2,Insomnia,Always,6.8,26.83,7,Moderate
24,Male,8.9,MMO,Final Fantasy XIV,PC,4.7,Very Poor,Never,4.3,391.6,5,Severe
25,Male,4.2,RPG,Elden Ring,Console,5.3,Good,Often,8.5,48.39,13,Low
18,Male,6.9,Strategy,Civilization VI,Console,5.7,Poor,Often,7.5,146.82,7,High
27,Male,6.0,MOBA,Dota 2,Multi-platform,6.3,Very Poor,Rarely,5.6,107.64,10,Moderate
19,Male,11.0,Mobile Games,Clash of Clans,Console,5.3,Insomnia,Sometimes,4.7,341.34,1,Moderate
18,Male,11.9,MOBA,Dota 2,Multi-platform,5.7,Good,Always,3.6,97.11,8,Severe
18,Male,6.3,RPG,Skyrim,Multi-platform,6.0,Fair,Often,6.2,147.18,5,Moderate
21,Male,2.2,Mobile Games,Candy Crush,Console,7.7,Fair,Often,9.8,0.44,5,Low
23,Female,6.2,MOBA,Dota 2,Mobile,5.3,Good,Sometimes,8.6,130.71,5,Moderate
22,Female,9.3,FPS,Call of Duty,Multi-platform,5.4,Very Poor,Often,3.7,377.17,1,Severe
20,Male,5.6,MOBA,Mobile Legends,Multi-platform,5.9,Fair,Never,8.0,141.67,1,Moderate
20,Male,6.2,Battle Royale,Fortnite,PC,5.6,Good,Always,8.5,142.95,6,Moderate
19,Female,7.1,MOBA,Mobile Legends,Mobile,5.1,Very Poor,Never,5.2,83.29,6,Moderate
30,Male,7.0,Battle Royale,PUBG,Console,3.7,Fair,Often,8.5,44.15,5,High
16,Male,3.7,Strategy,Age of Empires,Multi-platform,6.6,Good,Always,9.2,6.16,4,Low
23,Male,3.3,Battle Royale,PUBG,Console,7.4,Fair,Often,6.8,44.8,6,Low
21,Male,7.6,Mobile Games,PUBG Mobile,Console,5.7,Poor,Rarely,6.4,80.72,2,Moderate
22,Female,6.4,Battle Royale,Warzone,Multi-platform,5.4,Very Poor,Sometimes,7.3,18.13,5,Moderate
24,Male,5.0,Battle Royale,Warzone,Console,5.1,Poor,Never,8.4,120.77,2,Low
19,Female,4.2,Strategy,Age of Empires,PC,5.3,Very Poor,Never,7.5,28.98,5,Low
23,Female,10.2,Strategy,Civilization VI,Mobile,5.1,Very Poor,Never,3.1,307.08,9,Severe
19,Male,5.1,MOBA,Mobile Legends,Console,6.5,Fair,Often,7.1,111.43,7,Low
20,Female,8.1,Battle Royale,Fortnite,Console,5.7,Very Poor,Never,7.8,47.01,7,Severe
19,Male,6.9,Mobile Games,Clash of Clans,PC,3.5,Very Poor,Sometimes,5.2,127.17,7,High
24,Male,4.5,Mobile Games,Genshin Impact,Multi-platform,6.6,Fair,Sometimes,8.5,145.25,3,Low
18,Female,6.1,RPG,Elden Ring,Multi-platform,6.6,Fair,Rarely,7.4,31.46,4,Moderate
27,Other,8.8,FPS,Call of Duty,Console,3.4,Very Poor,Rarely,6.0,66.85,7,Severe
19,Female,5.3,MMO,World of Warcraft,Multi-platform,5.7,Fair,Often,5.7,36.25,2,Low
16,Male,9.0,FPS,Call of Duty,Multi-platform,5.8,Poor,Rarely,7.0,315.72,5,Severe
23,Male,8.3,Strategy,StarCraft II,PC,3.8,Very Poor,Always,7.6,14.06,10,Low
20,Male,0.7,FPS,CS:GO,Mobile,7.0,Good,Always,8.3,16.79,2,Low
19,Male,10.9,Strategy,StarCraft II,Console,5.7,Very Poor,Always,4.6,486.86,8,Severe
21,Female,10.1,Strategy,Civilization VI,PC,4.1,Poor,Always,5.2,216.97,9,High
20,Female,5.7,MMO,Elder Scrolls Online,Mobile,6.1,Fair,Rarely,5.0,45.63,4,Low
21,Male,7.0,MMO,World of Warcraft,Console,5.9,Insomnia,Rarely,5.6,100.91,11,High
23,Male,7.3,MOBA,League of Legends,Multi-platform,5.6,Very Poor,Often,8.5,29.85,9,Low
21,Female,6.1,Strategy,Civilization VI,PC,6.4,Very Poor,Never,5.1,102.56,11,Moderate
23,Male,7.1,MOBA,League of Legends,Multi-platform,3.7,Good,Never,6.4,89.72,5,High
15,Female,4.1,RPG,Skyrim,Multi-platform,6.2,Fair,Rarely,9.6,47.0,1,Low
23,Female,4.5,MMO,Final Fantasy XIV,Console,5.7,Very Poor,Often,7.1,40.72,12,Low
21,Other,5.2,RPG,Cyberpunk 2077,Multi-platform,5.9,Poor,Rarely,6.8,27.48,3,Low
18,Male,2.3,Strategy,StarCraft II,Multi-platform,7.9,Good,Rarely,10.8,40.47,2,Low
26,Other,9.1,MOBA,Dota 2,Mobile,5.7,Poor,Never,6.7,413.14,9,Moderate
18,Male,8.2,MMO,World of Warcraft,Console,5.2,Very Poor,Never,6.1,75.11,3,High
20,Male,4.5,MMO,Final Fantasy XIV,Console,6.6,Fair,Often,6.2,25.62,1,Low
30,Male,6.3,Battle Royale,Fortnite,Console,6.5,Good,Rarely,5.1,90.63,16,Moderate
24,Female,6.1,MMO,Elder Scrolls Online,PC,5.9,Fair,Sometimes,5.4,49.79,10,Low
20,Male,8.1,Mobile Games,Clash of Clans,Console,3.3,Fair,Always,6.2,84.8,8,Severe
23,Female,5.6,Mobile Games,PUBG Mobile,Console,5.2,Fair,Never,5.2,98.62,13,Moderate
19,Male,0.6,MOBA,Mobile Legends,Console,7.8,Fair,Always,8.9,20.33,3,Low
19,Male,6.6,MOBA,League of Legends,PC,6.0,Very Poor,Sometimes,6.7,60.38,4,Moderate
18,Male,8.0,Mobile Games,PUBG Mobile,Mobile,4.5,Fair,Often,5.3,14.54,8,High
19,Male,14.7,Mobile Games,Genshin Impact,Multi-platform,3.5,Poor,Never,1.3,178.29,1,High
23,Female,8.2,Battle Royale,Apex Legends,Console,5.0,Fair,Often,5.7,140.71,8,Severe
19,Female,4.3,Mobile Games,Candy Crush,Console,6.3,Fair,Rarely,8.5,24.27,5,Low
14,Male,3.8,FPS,CS:GO,Console,6.3,Poor,Sometimes,9.3,26.0,4,Low
17,Male,5.8,Mobile Games,Genshin Impact,Multi-platform,6.4,Good,Always,6.8,10.29,6,Low
13,Male,2.9,MOBA,Mobile Legends,Multi-platform,8.5,Fair,Sometimes,9.1,36.0,3,Low
14,Male,4.9,Battle Royale,Warzone,Mobile,6.1,Poor,Often,7.1,128.35,4,Low
17,Male,6.7,Battle Royale,PUBG,PC,3.4,Good,Rarely,7.5,10.6,3,Moderate
25,Female,9.5,Battle Royale,Fortnite,PC,4.7,Poor,Sometimes,5.5,204.58,13,Severe
15,Male,5.7,MMO,World of Warcraft,PC,6.0,Poor,Often,6.5,30.98,2,Low
20,Male,7.1,FPS,Overwatch,Mobile,4.2,Fair,Always,6.6,78.44,2,High
27,Female,7.5,Mobile Games,PUBG Mobile,Multi-platform,3.4,Poor,Often,6.4,143.89,12,Moderate
22,Female,4.9,RPG,Elden Ring,Multi-platform,6.9,Fair,Rarely,9.0,85.49,1,Low
20,Female,5.0,Battle Royale,Fortnite,PC,5.9,Poor,Never,8.2,48.66,6,Low
18,Female,2.0,Mobile Games,Candy Crush,PC,8.5,Fair,Sometimes,8.2,14.51,5,Low
17,Male,5.8,MMO,World of Warcraft,Mobile,5.8,Fair,Rarely,7.5,40.86,7,Moderate
19,Male,4.9,MMO,World of Warcraft,PC,6.6,Fair,Often,7.2,104.88,3,Low
25,Female,1.9,Strategy,StarCraft II,Multi-platform,8.5,Good,Always,7.5,19.61,1,Low
25,Female,4.9,MOBA,Dota 2,Console,6.9,Poor,Always,6.3,109.21,1,Low
21,Male,2.6,MMO,Elder Scrolls Online,Multi-platform,7.2,Fair,Often,7.8,35.73,8,Low
17,Male,1.0,Strategy,Civilization VI,PC,8.2,Good,Sometimes,11.3,42.85,6,Low
19,Female,3.9,Mobile Games,Genshin Impact,PC,5.9,Poor,Always,6.3,29.14,1,Low
19,Male,6.4,MMO,World of Warcraft,Console,5.6,Fair,Never,6.0,126.52,7,Moderate
15,Female,9.5,Strategy,Civilization VI,Console,4.4,Poor,Rarely,4.7,133.69,5,Moderate
20,Other,7.4,Strategy,Civilization VI,Console,5.6,Insomnia,Never,6.8,101.34,9,High
25,Female,6.1,Battle Royale,Apex Legends,PC,6.4,Fair,Rarely,5.6,67.49,4,Low
28,Male,5.4,Strategy,Age of Empires,Mobile,6.4,Poor,Rarely,8.3,49.34,18,Low
17,Male,7.2,Strategy,Civilization VI,PC,4.6,Very Poor,Rarely,6.2,59.25,4,Moderate
21,Male,1.7,MMO,World of Warcraft,Mobile,8.3,Poor,Rarely,8.8,0.8,9,Low
20,Male,9.5,FPS,Call of Duty,PC,5.4,Poor,Always,7.5,72.16,7,Severe
30,Male,14.7,FPS,Call of Duty,Console,4.2,Poor,Sometimes,2.4,380.97,19,Severe
22,Other,5.8,MOBA,Mobile Legends,Console,6.5,Fair,Never,7.7,114.03,3,Moderate
24,Male,1.9,Strategy,Civilization VI,Mobile,7.2,Good,Often,10.9,5.62,12,Low
22,Male,4.3,Mobile Games,Candy Crush,Multi-platform,5.2,Good,Sometimes,7.9,33.26,5,Low
15,Male,6.6,RPG,Elden Ring,Console,4.1,Poor,Never,5.9,92.99,5,Moderate
21,Male,6.3,MMO,Final Fantasy XIV,PC,5.1,Poor,Always,7.0,14.97,5,Moderate
17,Male,2.8,Mobile Games,Genshin Impact,PC,7.2,Good,Rarely,10.2,49.53,5,Low
15,Male,8.1,MOBA,Dota 2,Multi-platform,4.9,Very Poor,Often,6.4,60.41,3,High
27,Male,6.6,Mobile Games,Candy Crush,Console,5.1,Poor,Sometimes,6.1,59.86,2,Moderate
21,Female,5.8,MOBA,League of Legends,Multi-platform,6.2,Good,Rarely,5.8,107.95,10,Moderate
19,Male,1.9,FPS,Call of Duty,Multi-platform,7.6,Good,Sometimes,10.5,16.99,4,Low
24,Female,4.3,MOBA,Dota 2,Console,6.9,Good,Always,6.1,33.21,13,Low
20,Male,5.4,MMO,Elder Scrolls Online,PC,6.9,Very Poor,Sometimes,8.6,69.06,7,Low
18,Male,12.0,Mobile Games,PUBG Mobile,Multi-platform,5.8,Very Poor,Rarely,2.4,405.19,3,Severe
19,Male,8.8,MMO,Final Fantasy XIV,PC,3.5,Insomnia,Sometimes,6.5,456.77,9,Severe
20,Other,3.9,RPG,Elden Ring,Multi-platform,6.8,Poor,Sometimes,6.5,45.92,8,Low
21,Male,11.6,RPG,Cyberpunk 2077,Multi-platform,3.7,Poor,Never,4.1,131.29,9,High
28,Male,5.2,FPS,Call of Duty,PC,5.3,Good,Often,8.2,12.79,18,Low
19,Male,4.1,FPS,CS:GO,Mobile,5.2,Fair,Sometimes,6.1,1.99,3,Low
30,Male,9.3,MOBA,Mobile Legends,PC,4.4,Very Poor,Sometimes,4.0,458.97,18,Severe
19,Male,2.5,Battle Royale,Warzone,PC,7.4,Fair,Never,9.7,45.05,5,Low
22,Male,3.6,Battle Royale,Warzone,Multi-platform,5.6,Poor,Never,8.3,1.38,1,Low
19,Female,8.9,Strategy,StarCraft II,Console,5.9,Very Poor,Sometimes,5.6,190.37,7,Severe
20,Male,4.7,MOBA,Mobile Legends,PC,5.9,Fair,Sometimes,8.2,79.06,9,Low
22,Female,6.3,FPS,Call of Duty,PC,6.8,Poor,Rarely,7.8,50.08,4,Moderate
20,Female,1.8,MOBA,League of Legends,Mobile,8.8,Good,Rarely,7.8,47.37,9,Low
27,Male,12.4,Mobile Games,Clash of Clans,PC,5.1,Poor,Rarely,2.9,331.29,2,Severe
17,Male,4.1,Mobile Games,Genshin Impact,Mobile,6.4,Good,Sometimes,6.8,12.42,1,Low
18,Male,8.1,RPG,Elden Ring,Mobile,4.5,Poor,Always,5.0,82.51,7,High
20,Male,11.2,Strategy,StarCraft II,Mobile,5.0,Poor,Always,5.7,339.42,9,Severe
26,Male,11.3,MOBA,Dota 2,Multi-platform,3.2,Very Poor,Sometimes,6.2,334.36,3,Severe
20,Male,4.7,Strategy,StarCraft II,Mobile,5.7,Good,Never,7.3,74.39,9,Low
17,Male,5.6,Strategy,StarCraft II,Console,6.2,Very Poor,Rarely,8.6,36.12,3,Moderate
20,Male,5.6,MOBA,League of Legends,PC,5.4,Good,Sometimes,8.4,68.45,1,Low
28,Male,7.7,FPS,Overwatch,PC,3.1,Good,Never,7.2,129.71,5,Moderate
15,Male,5.0,RPG,Elden Ring,Multi-platform,5.6,Fair,Always,7.7,36.8,2,Low
20,Other,10.2,Strategy,Civilization VI,Console,4.8,Very Poor,Never,3.9,312.2,8,Severe
15,Male,11.4,RPG,Elden Ring,Mobile,3.9,Very Poor,Never,5.9,367.71,2,Severe
28,Female,10.1,RPG,Cyberpunk 2077,Console,3.2,Good,Rarely,4.4,154.85,15,High
20,Female,6.1,Battle Royale,Warzone,Console,6.3,Fair,Rarely,8.4,135.6,2,Moderate
20,Male,9.8,Strategy,Civilization VI,Console,6.0,Fair,Always,5.2,444.67,6,Severe
27,Male,4.9,FPS,Valorant,Console,6.1,Good,Sometimes,6.7,36.17,14,Low
22,Female,3.4,FPS,Overwatch,Mobile,7.3,Good,Rarely,9.3,47.32,12,Low
22,Male,8.6,Battle Royale,Apex Legends,Mobile,3.8,Very Poor,Often,4.2,455.29,1,High
25,Male,11.8,RPG,Skyrim,PC,3.5,Poor,Never,2.0,227.37,14,Severe
24,Female,5.4,Mobile Games,PUBG Mobile,Mobile,5.7,Fair,Rarely,6.2,88.2,13,Low
18,Male,3.8,MOBA,League of Legends,PC,6.8,Good,Sometimes,8.8,46.64,3,Low
16,Male,8.7,MMO,Elder Scrolls Online,PC,4.3,Fair,Always,4.6,466.73,5,High
19,Male,11.3,Battle Royale,Fortnite,PC,4.5,Very Poor,Sometimes,3.4,446.72,3,Severe
25,Female,3.7,FPS,Overwatch,Mobile,6.8,Good,Often,8.2,27.83,10,Low
23,Male,2.5,FPS,Valorant,Console,8.2,Good,Sometimes,10.2,16.97,4,Low
33,Male,8.9,MOBA,Dota 2,Multi-platform,5.5,Poor,Always,7.5,129.13,1,High
29,Male,3.3,Strategy,Civilization VI,Mobile,8.5,Good,Always,7.3,24.0,17,Low
19,Male,7.7,Mobile Games,PUBG Mobile,Multi-platform,3.9,Poor,Sometimes,7.9,67.61,6,High
19,Male,1.1,Mobile Games,Candy Crush,Mobile,7.7,Good,Often,7.6,5.41,2,Low
24,Female,7.2,MOBA,Dota 2,Mobile,3.5,Poor,Sometimes,7.2,141.29,3,Moderate
21,Male,8.3,FPS,Overwatch,Multi-platform,3.7,Poor,Never,6.8,17.93,5,Moderate
20,Male,2.8,FPS,Call of Duty,Console,8.2,Fair,Rarely,6.9,18.69,9,Low
22,Female,5.5,RPG,Cyberpunk 2077,Multi-platform,5.0,Poor,Often,9.3,33.67,10,Low
26,Male,5.7,RPG,Elden Ring,Multi-platform,5.4,Poor,Never,7.6,96.14,5,Moderate
23,Other,6.0,Battle Royale,Fortnite,PC,6.2,Fair,Always,6.8,28.31,11,Low
21,Male,5.9,MMO,Final Fantasy XIV,Mobile,6.2,Insomnia,Sometimes,7.9,142.99,3,Moderate
20,Male,7.7,RPG,Elden Ring,Mobile,5.2,Very Poor,Never,6.2,37.02,5,High
25,Male,4.9,Battle Royale,Fortnite,PC,6.6,Fair,Often,6.1,21.48,9,Low
16,Male,7.6,FPS,CS:GO,Multi-platform,4.0,Poor,Sometimes,6.6,138.82,1,High
15,Female,5.2,MOBA,Mobile Legends,PC,5.1,Good,Often,6.4,77.03,3,Low
20,Female,6.8,Mobile Games,Candy Crush,Mobile,5.3,Very Poor,Sometimes,5.4,77.66,8,High
18,Female,10.8,FPS,CS:GO,Mobile,5.0,Very Poor,Rarely,4.0,110.92,1,High
24,Male,3.6,MOBA,Dota 2,Mobile,5.6,Fair,Often,8.2,46.98,6,Low
19,Male,9.3,Battle Royale,Warzone,Mobile,5.1,Poor,Rarely,3.9,50.18,8,Severe
18,Other,7.6,FPS,Valorant,PC,4.8,Very Poor,Never,6.1,37.08,4,High
19,Male,7.0,Strategy,StarCraft II,Mobile,4.0,Very Poor,Often,7.3,54.91,1,High
23,Female,1.0,Battle Royale,Apex Legends,PC,7.9,Good,Often,10.9,8.43,1,Low
16,Female,2.8,Battle Royale,Warzone,PC,8.6,Good,Always,8.4,17.43,3,Low
17,Male,4.1,Mobile Games,Genshin Impact,PC,5.5,Poor,Rarely,6.4,32.97,5,Low
20,Female,6.3,Strategy,Civilization VI,Multi-platform,6.5,Fair,Sometimes,7.4,70.66,1,Low
16,Female,8.5,Strategy,StarCraft II,Console,3.6,Poor,Never,5.8,231.04,1,Moderate
16,Male,7.4,Battle Royale,Apex Legends,Multi-platform,5.3,Poor,Often,4.8,54.82,6,High
23,Male,11.0,FPS,CS:GO,Console,4.9,Fair,Always,5.7,388.42,9,Severe
20,Male,7.8,FPS,Call of Duty,Multi-platform,4.8,Very Poor,Never,5.2,146.41,5,Moderate
17,Female,8.3,MMO,Elder Scrolls Online,Console,4.9,Fair,Sometimes,4.8,59.04,2,Moderate
27,Female,4.2,RPG,Elden Ring,Mobile,5.9,Fair,Always,8.7,30.61,6,Low
21,Female,7.4,FPS,CS:GO,PC,5.5,Very Poor,Rarely,7.4,113.01,6,High
19,Male,8.4,FPS,CS:GO,PC,5.9,Good,Often,5.3,44.54,9,High
22,Female,8.7,Mobile Games,PUBG Mobile,Console,4.4,Poor,Never,6.9,107.16,12,Severe
25,Male,9.4,FPS,CS:GO,Multi-platform,4.5,Poor,Rarely,6.8,361.61,15,Severe
22,Female,13.6,Strategy,Civilization VI,Multi-platform,5.8,Poor,Rarely,2.4,438.83,2,Severe
18,Male,7.1,Strategy,Age of Empires,Multi-platform,4.1,Insomnia,Sometimes,8.1,105.16,4,Low
23,Male,5.9,MOBA,Dota 2,PC,5.0,Good,Often,8.3,124.93,1,Low
30,Male,4.4,Battle Royale,Apex Legends,Console,6.5,Fair,Often,8.5,20.1,8,Low
17,Male,7.3,Battle Royale,Warzone,Mobile,4.0,Fair,Always,6.8,67.44,7,Moderate
18,Female,3.5,FPS,Overwatch,Mobile,6.1,Fair,Often,6.9,1.35,6,Low
19,Male,4.7,MOBA,Dota 2,Console,6.7,Fair,Often,6.5,59.91,9,Low
20,Male,4.4,MMO,Final Fantasy XIV,PC,5.4,Very Poor,Sometimes,9.7,8.08,7,Low
16,Male,1.5,MOBA,League of Legends,Mobile,9.0,Good,Often,9.0,45.29,2,Low
19,Female,7.0,FPS,Valorant,PC,3.2,Fair,Often,7.7,121.06,2,Moderate
24,Female,3.6,RPG,Cyberpunk 2077,Multi-platform,6.8,Fair,Never,7.7,31.45,1,Low
18,Male,6.1,MMO,Elder Scrolls Online,PC,5.5,Fair,Rarely,8.3,143.48,8,Low
32,Female,4.9,RPG,Skyrim,Console,5.7,Poor,Always,6.4,18.84,18,Low
20,Female,9.3,Battle Royale,Apex Legends,Console,5.8,Fair,Rarely,4.4,220.04,10,Severe
15,Female,8.6,Strategy,Age of Empires,PC,4.1,Very Poor,Always,7.5,426.54,3,Severe
18,Male,5.4,MMO,Elder Scrolls Online,Multi-platform,6.5,Fair,Never,7.7,83.71,7,Low
23,Male,7.3,RPG,Skyrim,PC,3.9,Insomnia,Rarely,8.1,88.6,5,High
18,Male,3.1,Strategy,StarCraft II,Console,8.2,Fair,Sometimes,8.4,22.02,8,Low
29,Male,3.5,RPG,Cyberpunk 2077,Multi-platform,7.4,Good,Sometimes,9.3,25.2,19,Low
